dataset,method,run_id,epoch,train_box_loss,train_cls_loss,train_dfl_loss,train_loss,val_box_loss,val_cls_loss,val_dfl_loss,val_loss,precision,recall,map50,map50_95,learning_rate,last_5_epoch_mean,previous_5_epoch_mean,delta,best_epoch,best_metric,last_epoch_metric,convergence_status
NEU-DET,Full-SFT,neu_full_seed824_e100,1,1.95788,3.84718,1.9347,7.73976,2.21492,4.32702,2.27695,8.81889,0.00893,0.40472,0.01921,0.00662,0.000132,0.315564,0.31682,-0.0012559999999999794,85,0.32866,0.31617,CONVERGED_OR_PLATEAU
NEU-DET,Full-SFT,neu_full_seed824_e100,2,1.68247,3.6853,1.74634,7.11411,2.11169,4.32889,2.37809,8.818670000000001,0.00811,0.53941,0.11146,0.04483,0.00027493280000000003,0.315564,0.31682,-0.0012559999999999794,85,0.32866,0.31617,CONVERGED_OR_PLATEAU
NEU-DET,Full-SFT,neu_full_seed824_e100,3,1.73009,3.58013,1.81305,7.12327,2.14978,4.31844,2.40629,8.874509999999999,0.00711,0.60953,0.10404,0.04031,0.0004175918,0.315564,0.31682,-0.0012559999999999794,85,0.32866,0.31617,CONVERGED_OR_PLATEAU
NEU-DET,Full-SFT,neu_full_seed824_e100,4,1.67811,3.40609,1.80118,6.88538,2.19187,4.20533,2.44478,8.84198,0.00609,0.66814,0.12977,0.04792,0.000559768,0.315564,0.31682,-0.0012559999999999794,85,0.32866,0.31617,CONVERGED_OR_PLATEAU
NEU-DET,Full-SFT,neu_full_seed824_e100,5,1.63002,3.21623,1.70068,6.54693,2.21087,3.97193,2.43779,8.62059,0.72461,0.01916,0.15755,0.06068,0.0007012514,0.315564,0.31682,-0.0012559999999999794,85,0.32866,0.31617,CONVERGED_OR_PLATEAU
NEU-DET,Full-SFT,neu_full_seed824_e100,6,1.73271,3.05942,1.80065,6.59278,2.55647,4.13843,2.79518,9.490079999999999,0.05876,0.12822,0.07576,0.01883,0.000841837,0.315564,0.31682,-0.0012559999999999794,85,0.32866,0.31617,CONVERGED_OR_PLATEAU
NEU-DET,Full-SFT,neu_full_seed824_e100,7,1.82038,2.92551,1.82443,6.570320000000001,2.6559,4.26964,2.71989,9.64543,0.11993,0.13888,0.06968,0.02019,0.0009813202,0.315564,0.31682,-0.0012559999999999794,85,0.32866,0.31617,CONVERGED_OR_PLATEAU
NEU-DET,Full-SFT,neu_full_seed824_e100,8,1.77128,2.79899,1.79026,6.36053,2.50712,3.77543,2.6422,8.92475,0.34406,0.18705,0.14922,0.05285,0.0010868872,0.315564,0.31682,-0.0012559999999999794,85,0.32866,0.31617,CONVERGED_OR_PLATEAU
NEU-DET,Full-SFT,neu_full_seed824_e100,9,1.71742,2.61862,1.72747,6.06351,2.57144,4.34714,2.74296,9.661539999999999,0.60216,0.1394,0.11098,0.04034,0.0010828942000000001,0.315564,0.31682,-0.0012559999999999794,85,0.32866,0.31617,CONVERGED_OR_PLATEAU
NEU-DET,Full-SFT,neu_full_seed824_e100,10,1.75548,2.64901,1.8181,6.22259,2.5948,4.53232,2.77023,9.897350000000001,0.0807,0.25866,0.0699,0.02388,0.0010783796000000002,0.315564,0.31682,-0.0012559999999999794,85,0.32866,0.31617,CONVERGED_OR_PLATEAU
NEU-DET,Full-SFT,neu_full_seed824_e100,11,1.79878,2.56307,1.79862,6.16047,2.81309,4.49957,2.88839,10.20105,0.25511,0.22234,0.10127,0.03646,0.001073351,0.315564,0.31682,-0.0012559999999999794,85,0.32866,0.31617,CONVERGED_OR_PLATEAU
NEU-DET,Full-SFT,neu_full_seed824_e100,12,1.72511,2.49564,1.78397,6.00472,2.63646,4.66083,2.73303,10.03032,0.08895,0.24975,0.11091,0.04548,0.0010678092,0.315564,0.31682,-0.0012559999999999794,85,0.32866,0.31617,CONVERGED_OR_PLATEAU
NEU-DET,Full-SFT,neu_full_seed824_e100,13,1.74732,2.48615,1.79623,6.0297,2.70405,5.57106,2.82079,11.0959,0.44648,0.16068,0.07684,0.02949,0.0010617634,0.315564,0.31682,-0.0012559999999999794,85,0.32866,0.31617,CONVERGED_OR_PLATEAU
NEU-DET,Full-SFT,neu_full_seed824_e100,14,1.71768,2.41179,1.75493,5.884399999999999,2.55748,5.86935,2.5977,11.024529999999999,0.22208,0.39288,0.16467,0.06122,0.0010552182,0.315564,0.31682,-0.0012559999999999794,85,0.32866,0.31617,CONVERGED_OR_PLATEAU
NEU-DET,Full-SFT,neu_full_seed824_e100,15,1.79975,2.60301,1.84463,6.247389999999999,2.67284,6.96659,2.65749,12.29692,0.43563,0.17898,0.148,0.053,0.0010481784,0.315564,0.31682,-0.0012559999999999794,85,0.32866,0.31617,CONVERGED_OR_PLATEAU
NEU-DET,Full-SFT,neu_full_seed824_e100,16,1.67135,2.3846,1.76784,5.823789999999999,2.3926,4.1764,2.56317,9.13217,0.39656,0.22448,0.17565,0.06901,0.0010406536,0.315564,0.31682,-0.0012559999999999794,85,0.32866,0.31617,CONVERGED_OR_PLATEAU
NEU-DET,Full-SFT,neu_full_seed824_e100,17,1.67507,2.32614,1.79503,5.79624,2.29787,3.74351,2.39899,8.44037,0.62392,0.22856,0.23565,0.09587,0.0010326484,0.315564,0.31682,-0.0012559999999999794,85,0.32866,0.31617,CONVERGED_OR_PLATEAU
NEU-DET,Full-SFT,neu_full_seed824_e100,18,1.631,2.41867,1.73404,5.78371,2.28509,3.64995,2.38386,8.3189,0.53768,0.28164,0.24166,0.08599,0.0010241730000000002,0.315564,0.31682,-0.0012559999999999794,85,0.32866,0.31617,CONVERGED_OR_PLATEAU
NEU-DET,Full-SFT,neu_full_seed824_e100,19,1.6166,2.29548,1.74571,5.65779,2.14506,3.5859,2.2662,7.997159999999999,0.44326,0.35409,0.31582,0.12557,0.0010152353999999999,0.315564,0.31682,-0.0012559999999999794,85,0.32866,0.31617,CONVERGED_OR_PLATEAU
NEU-DET,Full-SFT,neu_full_seed824_e100,20,1.63994,2.3215,1.76499,5.72643,2.16196,4.4492,2.26454,8.8757,0.42873,0.41829,0.3137,0.12314,0.0010058454,0.315564,0.31682,-0.0012559999999999794,85,0.32866,0.31617,CONVERGED_OR_PLATEAU
NEU-DET,Full-SFT,neu_full_seed824_e100,21,1.62296,2.23501,1.71314,5.57111,2.32263,5.69372,2.41928,10.43563,0.35562,0.37658,0.19754,0.07501,0.0009960102,0.315564,0.31682,-0.0012559999999999794,85,0.32866,0.31617,CONVERGED_OR_PLATEAU
NEU-DET,Full-SFT,neu_full_seed824_e100,22,1.65792,2.22326,1.7167,5.59788,2.18893,4.86643,2.29106,9.34642,0.35054,0.40383,0.22225,0.08364,0.0009857388,0.315564,0.31682,-0.0012559999999999794,85,0.32866,0.31617,CONVERGED_OR_PLATEAU
NEU-DET,Full-SFT,neu_full_seed824_e100,23,1.58543,2.19037,1.63491,5.41071,2.07728,4.2508,2.24705,8.57513,0.38813,0.43589,0.31007,0.10962,0.0009750448,0.315564,0.31682,-0.0012559999999999794,85,0.32866,0.31617,CONVERGED_OR_PLATEAU
NEU-DET,Full-SFT,neu_full_seed824_e100,24,1.61623,2.247,1.74233,5.60556,1.98388,3.64966,2.13687,7.77041,0.41549,0.44054,0.30091,0.11967,0.0009639353999999999,0.315564,0.31682,-0.0012559999999999794,85,0.32866,0.31617,CONVERGED_OR_PLATEAU
NEU-DET,Full-SFT,neu_full_seed824_e100,25,1.55583,2.187,1.67433,5.41716,2.01703,3.98807,2.14928,8.15438,0.48359,0.4454,0.34323,0.13987,0.0009524233999999999,0.315564,0.31682,-0.0012559999999999794,85,0.32866,0.31617,CONVERGED_OR_PLATEAU
NEU-DET,Full-SFT,neu_full_seed824_e100,26,1.50749,2.05547,1.62082,5.1837800000000005,2.02383,3.18353,2.08864,7.295999999999999,0.50673,0.43021,0.38313,0.15608,0.0009405205999999999,0.315564,0.31682,-0.0012559999999999794,85,0.32866,0.31617,CONVERGED_OR_PLATEAU
NEU-DET,Full-SFT,neu_full_seed824_e100,27,1.58991,2.09449,1.68247,5.3668700000000005,2.00526,2.84544,2.09137,6.942069999999999,0.52752,0.3756,0.39426,0.17448,0.0009282356,0.315564,0.31682,-0.0012559999999999794,85,0.32866,0.31617,CONVERGED_OR_PLATEAU
NEU-DET,Full-SFT,neu_full_seed824_e100,28,1.5616,2.02588,1.64568,5.23316,1.94792,2.9535,2.06935,6.97077,0.49926,0.45237,0.41223,0.17828,0.0009155844,0.315564,0.31682,-0.0012559999999999794,85,0.32866,0.31617,CONVERGED_OR_PLATEAU
NEU-DET,Full-SFT,neu_full_seed824_e100,29,1.53127,2.05708,1.64711,5.23546,1.98303,2.95754,2.05543,6.996,0.49775,0.47746,0.39161,0.1679,0.0009025774,0.315564,0.31682,-0.0012559999999999794,85,0.32866,0.31617,CONVERGED_OR_PLATEAU
NEU-DET,Full-SFT,neu_full_seed824_e100,30,1.52316,1.88231,1.5899,4.99537,1.97539,3.1592,2.09466,7.2292499999999995,0.44866,0.45559,0.37011,0.15966,0.0008892282,0.315564,0.31682,-0.0012559999999999794,85,0.32866,0.31617,CONVERGED_OR_PLATEAU
NEU-DET,Full-SFT,neu_full_seed824_e100,31,1.58506,2.09854,1.64198,5.3255799999999995,1.95643,2.84639,2.08652,6.88934,0.57214,0.41656,0.38921,0.16574,0.0008755498,0.315564,0.31682,-0.0012559999999999794,85,0.32866,0.31617,CONVERGED_OR_PLATEAU
NEU-DET,Full-SFT,neu_full_seed824_e100,32,1.49436,1.92166,1.60917,5.025189999999999,1.92961,2.66101,2.06813,6.65875,0.41256,0.48742,0.45139,0.20475,0.0008615538000000001,0.315564,0.31682,-0.0012559999999999794,85,0.32866,0.31617,CONVERGED_OR_PLATEAU
NEU-DET,Full-SFT,neu_full_seed824_e100,33,1.47508,2.06642,1.64299,5.18449,1.93118,2.49911,2.05172,6.482009999999999,0.65299,0.43634,0.50499,0.22658,0.0008472578,0.315564,0.31682,-0.0012559999999999794,85,0.32866,0.31617,CONVERGED_OR_PLATEAU
NEU-DET,Full-SFT,neu_full_seed824_e100,34,1.4977,2.02237,1.58484,5.10491,1.99322,2.61173,2.10052,6.70547,0.56205,0.47162,0.42634,0.18327,0.0008326732,0.315564,0.31682,-0.0012559999999999794,85,0.32866,0.31617,CONVERGED_OR_PLATEAU
NEU-DET,Full-SFT,neu_full_seed824_e100,35,1.45361,1.96558,1.53919,4.95838,1.98685,2.75557,2.08571,6.82813,0.50416,0.43109,0.3789,0.16158,0.0008178155999999999,0.315564,0.31682,-0.0012559999999999794,85,0.32866,0.31617,CONVERGED_OR_PLATEAU
NEU-DET,Full-SFT,neu_full_seed824_e100,36,1.41195,1.92423,1.54331,4.8794900000000005,1.89876,2.69915,2.08126,6.679169999999999,0.5436,0.43018,0.41408,0.19453,0.0008026976,0.315564,0.31682,-0.0012559999999999794,85,0.32866,0.31617,CONVERGED_OR_PLATEAU
NEU-DET,Full-SFT,neu_full_seed824_e100,37,1.38517,1.82389,1.52677,4.73583,1.88049,2.5749,2.0579,6.51329,0.64611,0.38717,0.4387,0.20291,0.0007873366,0.315564,0.31682,-0.0012559999999999794,85,0.32866,0.31617,CONVERGED_OR_PLATEAU
NEU-DET,Full-SFT,neu_full_seed824_e100,38,1.50795,1.95137,1.6024,5.06172,1.88642,2.42486,1.98969,6.3009699999999995,0.57939,0.45008,0.45296,0.20842,0.0007717475999999999,0.315564,0.31682,-0.0012559999999999794,85,0.32866,0.31617,CONVERGED_OR_PLATEAU
NEU-DET,Full-SFT,neu_full_seed824_e100,39,1.42586,1.75948,1.55571,4.7410499999999995,2.107,2.60686,2.07067,6.78453,0.55077,0.42785,0.40987,0.17217,0.0007559434,0.315564,0.31682,-0.0012559999999999794,85,0.32866,0.31617,CONVERGED_OR_PLATEAU
NEU-DET,Full-SFT,neu_full_seed824_e100,40,1.41075,1.81151,1.52554,4.7478,2.17023,2.62256,2.12316,6.9159500000000005,0.53974,0.44354,0.40636,0.17268,0.0007399425999999999,0.315564,0.31682,-0.0012559999999999794,85,0.32866,0.31617,CONVERGED_OR_PLATEAU
NEU-DET,Full-SFT,neu_full_seed824_e100,41,1.40915,1.85523,1.53702,4.8014,2.01137,2.45151,2.03117,6.49405,0.56627,0.48794,0.44497,0.20309,0.0007237602,0.315564,0.31682,-0.0012559999999999794,85,0.32866,0.31617,CONVERGED_OR_PLATEAU
NEU-DET,Full-SFT,neu_full_seed824_e100,42,1.3468,1.78503,1.51667,4.6485,1.8752,2.27807,1.96978,6.12305,0.6382,0.49408,0.49636,0.22851,0.0007074106,0.315564,0.31682,-0.0012559999999999794,85,0.32866,0.31617,CONVERGED_OR_PLATEAU
NEU-DET,Full-SFT,neu_full_seed824_e100,43,1.3963,1.7778,1.54394,4.71804,1.83298,2.19098,1.93506,5.959020000000001,0.65747,0.50202,0.54182,0.24428,0.0006909108,0.315564,0.31682,-0.0012559999999999794,85,0.32866,0.31617,CONVERGED_OR_PLATEAU
NEU-DET,Full-SFT,neu_full_seed824_e100,44,1.41813,1.77152,1.54493,4.734579999999999,1.87868,2.22581,1.9623,6.06679,0.57263,0.49889,0.52076,0.2281,0.0006742785999999999,0.315564,0.31682,-0.0012559999999999794,85,0.32866,0.31617,CONVERGED_OR_PLATEAU
NEU-DET,Full-SFT,neu_full_seed824_e100,45,1.35832,1.71954,1.46423,4.54209,1.91732,2.28375,1.98902,6.19009,0.36915,0.58537,0.48909,0.21145,0.0006575298000000001,0.315564,0.31682,-0.0012559999999999794,85,0.32866,0.31617,CONVERGED_OR_PLATEAU
NEU-DET,Full-SFT,neu_full_seed824_e100,46,1.35112,1.66862,1.49688,4.51662,1.95702,2.31363,1.99809,6.268739999999999,0.39163,0.57543,0.48721,0.21011,0.0006406786,0.315564,0.31682,-0.0012559999999999794,85,0.32866,0.31617,CONVERGED_OR_PLATEAU
NEU-DET,Full-SFT,neu_full_seed824_e100,47,1.27517,1.61643,1.44726,4.33886,1.90929,2.22196,1.96158,6.092829999999999,0.42567,0.59193,0.53832,0.2373,0.0006237440000000001,0.315564,0.31682,-0.0012559999999999794,85,0.32866,0.31617,CONVERGED_OR_PLATEAU
NEU-DET,Full-SFT,neu_full_seed824_e100,48,1.36281,1.65953,1.46002,4.48236,1.89301,2.15315,1.9496,5.995760000000001,0.53973,0.52526,0.53573,0.23705,0.0006067428,0.315564,0.31682,-0.0012559999999999794,85,0.32866,0.31617,CONVERGED_OR_PLATEAU
NEU-DET,Full-SFT,neu_full_seed824_e100,49,1.32023,1.79628,1.52352,4.640029999999999,1.87634,2.1629,1.96677,6.00601,0.5638,0.55069,0.56265,0.24887,0.0005896887999999999,0.315564,0.31682,-0.0012559999999999794,85,0.32866,0.31617,CONVERGED_OR_PLATEAU
NEU-DET,Full-SFT,neu_full_seed824_e100,50,1.40253,1.69107,1.51775,4.61135,1.7873,2.15255,1.93394,5.8737900000000005,0.48822,0.6053,0.58537,0.29003,0.0005726036000000001,0.315564,0.31682,-0.0012559999999999794,85,0.32866,0.31617,CONVERGED_OR_PLATEAU
NEU-DET,Full-SFT,neu_full_seed824_e100,51,1.28734,1.66062,1.45541,4.403370000000001,1.73915,2.15899,1.91764,5.81578,0.42067,0.60976,0.58233,0.28987,0.0005555,0.315564,0.31682,-0.0012559999999999794,85,0.32866,0.31617,CONVERGED_OR_PLATEAU
NEU-DET,Full-SFT,neu_full_seed824_e100,52,1.32492,1.59776,1.50893,4.43161,1.72638,2.0712,1.89951,5.69709,0.72367,0.45883,0.58289,0.29001,0.000538397,0.315564,0.31682,-0.0012559999999999794,85,0.32866,0.31617,CONVERGED_OR_PLATEAU
NEU-DET,Full-SFT,neu_full_seed824_e100,53,1.37592,1.65101,1.47889,4.50582,1.80542,2.10668,1.92256,5.8346599999999995,0.63236,0.47297,0.55982,0.27831,0.0005213106000000001,0.315564,0.31682,-0.0012559999999999794,85,0.32866,0.31617,CONVERGED_OR_PLATEAU
NEU-DET,Full-SFT,neu_full_seed824_e100,54,1.29961,1.59765,1.42918,4.32644,1.91656,2.13622,1.9617,6.014480000000001,0.61582,0.47215,0.5417,0.25743,0.0005042578,0.315564,0.31682,-0.0012559999999999794,85,0.32866,0.31617,CONVERGED_OR_PLATEAU
NEU-DET,Full-SFT,neu_full_seed824_e100,55,1.37385,1.55843,1.46719,4.39947,1.88954,2.08409,1.93956,5.91319,0.45937,0.60429,0.53976,0.26778,0.000487256,0.315564,0.31682,-0.0012559999999999794,85,0.32866,0.31617,CONVERGED_OR_PLATEAU
NEU-DET,Full-SFT,neu_full_seed824_e100,56,1.30401,1.60598,1.41754,4.327529999999999,1.8238,2.07395,1.92891,5.82666,0.47486,0.58664,0.5406,0.26838,0.00047032139999999997,0.315564,0.31682,-0.0012559999999999794,85,0.32866,0.31617,CONVERGED_OR_PLATEAU
NEU-DET,Full-SFT,neu_full_seed824_e100,57,1.27485,1.53867,1.42165,4.23517,1.79867,2.09695,1.94819,5.84381,0.47339,0.59901,0.55154,0.26713,0.0004534706,0.315564,0.31682,-0.0012559999999999794,85,0.32866,0.31617,CONVERGED_OR_PLATEAU
NEU-DET,Full-SFT,neu_full_seed824_e100,58,1.36687,1.54977,1.5049,4.42154,1.77596,2.1398,1.93803,5.85379,0.41927,0.58418,0.5688,0.27287,0.000436721,0.315564,0.31682,-0.0012559999999999794,85,0.32866,0.31617,CONVERGED_OR_PLATEAU
NEU-DET,Full-SFT,neu_full_seed824_e100,59,1.26832,1.58964,1.4005,4.2584599999999995,1.81896,2.22902,1.99688,6.04486,0.42162,0.59092,0.56684,0.26013,0.0004200886,0.315564,0.31682,-0.0012559999999999794,85,0.32866,0.31617,CONVERGED_OR_PLATEAU
NEU-DET,Full-SFT,neu_full_seed824_e100,60,1.23108,1.50591,1.40776,4.14475,1.89722,2.24775,2.07329,6.21826,0.43223,0.52807,0.52778,0.2412,0.0004035892,0.315564,0.31682,-0.0012559999999999794,85,0.32866,0.31617,CONVERGED_OR_PLATEAU
NEU-DET,Full-SFT,neu_full_seed824_e100,61,1.3228,1.54404,1.46516,4.332,1.87706,2.20393,2.06568,6.14667,0.42882,0.54494,0.52987,0.24531,0.0003872404,0.315564,0.31682,-0.0012559999999999794,85,0.32866,0.31617,CONVERGED_OR_PLATEAU
NEU-DET,Full-SFT,neu_full_seed824_e100,62,1.32251,1.56635,1.45323,4.342090000000001,1.82322,2.14278,2.00166,5.96766,0.50953,0.56249,0.56438,0.26668,0.0003710572,0.315564,0.31682,-0.0012559999999999794,85,0.32866,0.31617,CONVERGED_OR_PLATEAU
NEU-DET,Full-SFT,neu_full_seed824_e100,63,1.2657,1.5067,1.41362,4.18602,1.79886,2.09318,1.97035,5.8623899999999995,0.53511,0.58596,0.58346,0.27146,0.000355056,0.315564,0.31682,-0.0012559999999999794,85,0.32866,0.31617,CONVERGED_OR_PLATEAU
NEU-DET,Full-SFT,neu_full_seed824_e100,64,1.21172,1.44337,1.34027,3.99536,1.7818,2.01777,1.93627,5.73584,0.56497,0.59735,0.60801,0.2865,0.0003392532,0.315564,0.31682,-0.0012559999999999794,85,0.32866,0.31617,CONVERGED_OR_PLATEAU
NEU-DET,Full-SFT,neu_full_seed824_e100,65,1.3026,1.60638,1.44177,4.35075,1.7805,2.00311,1.92821,5.7118199999999995,0.58019,0.58712,0.61787,0.29575,0.00032366320000000004,0.315564,0.31682,-0.0012559999999999794,85,0.32866,0.31617,CONVERGED_OR_PLATEAU
NEU-DET,Full-SFT,neu_full_seed824_e100,66,1.1933,1.48593,1.37513,4.05436,1.75275,1.97676,1.91036,5.63987,0.6171,0.61119,0.61835,0.30264,0.00030830220000000006,0.315564,0.31682,-0.0012559999999999794,85,0.32866,0.31617,CONVERGED_OR_PLATEAU
NEU-DET,Full-SFT,neu_full_seed824_e100,67,1.196,1.50763,1.37782,4.08145,1.76605,1.99826,1.91813,5.68244,0.64644,0.58419,0.62458,0.30294,0.0002931852,0.315564,0.31682,-0.0012559999999999794,85,0.32866,0.31617,CONVERGED_OR_PLATEAU
NEU-DET,Full-SFT,neu_full_seed824_e100,68,1.22976,1.53989,1.43593,4.205579999999999,1.79426,2.04276,1.93261,5.769629999999999,0.57286,0.58695,0.5932,0.28786,0.0002783266,0.315564,0.31682,-0.0012559999999999794,85,0.32866,0.31617,CONVERGED_OR_PLATEAU
NEU-DET,Full-SFT,neu_full_seed824_e100,69,1.20287,1.55346,1.40012,4.15645,1.78773,2.03272,1.91873,5.73918,0.5548,0.60453,0.58282,0.28313,0.0002637424,0.315564,0.31682,-0.0012559999999999794,85,0.32866,0.31617,CONVERGED_OR_PLATEAU
NEU-DET,Full-SFT,neu_full_seed824_e100,70,1.21346,1.42786,1.39741,4.03873,1.77207,2.00773,1.92669,5.70649,0.52205,0.59884,0.58587,0.28659,0.0002494456,0.315564,0.31682,-0.0012559999999999794,85,0.32866,0.31617,CONVERGED_OR_PLATEAU
NEU-DET,Full-SFT,neu_full_seed824_e100,71,1.12082,1.40191,1.33977,3.8625,1.7378,1.96989,1.9272,5.63489,0.54284,0.58466,0.59534,0.29664,0.0002354508,0.315564,0.31682,-0.0012559999999999794,85,0.32866,0.31617,CONVERGED_OR_PLATEAU
NEU-DET,Full-SFT,neu_full_seed824_e100,72,1.11818,1.37213,1.35126,3.84157,1.72518,1.93848,1.92182,5.5854800000000004,0.52152,0.60057,0.60041,0.30301,0.0002217722,0.315564,0.31682,-0.0012559999999999794,85,0.32866,0.31617,CONVERGED_OR_PLATEAU
NEU-DET,Full-SFT,neu_full_seed824_e100,73,1.13483,1.36712,1.35183,3.85378,1.71464,1.93827,1.92588,5.57879,0.55035,0.58262,0.6046,0.30863,0.00020842252,0.315564,0.31682,-0.0012559999999999794,85,0.32866,0.31617,CONVERGED_OR_PLATEAU
NEU-DET,Full-SFT,neu_full_seed824_e100,74,1.09856,1.32991,1.31327,3.74174,1.71203,1.93789,1.91785,5.567769999999999,0.51156,0.58946,0.60907,0.30997,0.00019541585999999998,0.315564,0.31682,-0.0012559999999999794,85,0.32866,0.31617,CONVERGED_OR_PLATEAU
NEU-DET,Full-SFT,neu_full_seed824_e100,75,1.1203,1.35178,1.3291,3.80118,1.74541,1.94948,1.92717,5.62206,0.62065,0.55598,0.61351,0.30571,0.00018276392000000002,0.315564,0.31682,-0.0012559999999999794,85,0.32866,0.31617,CONVERGED_OR_PLATEAU
NEU-DET,Full-SFT,neu_full_seed824_e100,76,1.08915,1.30475,1.33285,3.7267500000000005,1.76177,1.94855,1.91889,5.6292100000000005,0.62648,0.56141,0.61133,0.30347,0.00017048022,0.315564,0.31682,-0.0012559999999999794,85,0.32866,0.31617,CONVERGED_OR_PLATEAU
NEU-DET,Full-SFT,neu_full_seed824_e100,77,1.15074,1.36261,1.33789,3.8512399999999998,1.779,1.95324,1.92197,5.65421,0.57603,0.56861,0.60392,0.30087,0.00015857686,0.315564,0.31682,-0.0012559999999999794,85,0.32866,0.31617,CONVERGED_OR_PLATEAU
NEU-DET,Full-SFT,neu_full_seed824_e100,78,1.11617,1.34704,1.35115,3.81436,1.79105,1.96486,1.93457,5.69048,0.55727,0.58881,0.59807,0.29799,0.0001470645,0.315564,0.31682,-0.0012559999999999794,85,0.32866,0.31617,CONVERGED_OR_PLATEAU
NEU-DET,Full-SFT,neu_full_seed824_e100,79,1.10625,1.29966,1.34575,3.75166,1.76931,1.96752,1.92168,5.65851,0.55925,0.58164,0.60193,0.29969,0.00013595559999999998,0.315564,0.31682,-0.0012559999999999794,85,0.32866,0.31617,CONVERGED_OR_PLATEAU
NEU-DET,Full-SFT,neu_full_seed824_e100,80,1.15109,1.29933,1.33418,3.7846,1.76404,1.95724,1.92933,5.65061,0.59597,0.57109,0.60828,0.30359,0.00012526052,0.315564,0.31682,-0.0012559999999999794,85,0.32866,0.31617,CONVERGED_OR_PLATEAU
NEU-DET,Full-SFT,neu_full_seed824_e100,81,1.18017,1.41139,1.39579,3.98735,1.73899,1.91292,1.92091,5.57282,0.60255,0.58098,0.62481,0.31094,0.00011499046,0.315564,0.31682,-0.0012559999999999794,85,0.32866,0.31617,CONVERGED_OR_PLATEAU
NEU-DET,Full-SFT,neu_full_seed824_e100,82,1.12533,1.28078,1.30839,3.7145,1.72816,1.90095,1.91702,5.54613,0.65847,0.57846,0.63739,0.31858,0.00010515457999999999,0.315564,0.31682,-0.0012559999999999794,85,0.32866,0.31617,CONVERGED_OR_PLATEAU
NEU-DET,Full-SFT,neu_full_seed824_e100,83,1.11894,1.32691,1.35555,3.8014,1.71304,1.88384,1.89567,5.49255,0.68526,0.59266,0.64425,0.32226,9.576338e-05,0.315564,0.31682,-0.0012559999999999794,85,0.32866,0.31617,CONVERGED_OR_PLATEAU
NEU-DET,Full-SFT,neu_full_seed824_e100,84,1.2205,1.3638,1.39085,3.9751499999999997,1.70389,1.88562,1.88162,5.47113,0.66245,0.59791,0.64172,0.32455,8.682588e-05,0.315564,0.31682,-0.0012559999999999794,85,0.32866,0.31617,CONVERGED_OR_PLATEAU
NEU-DET,Full-SFT,neu_full_seed824_e100,85,1.08301,1.2736,1.30605,3.66266,1.69919,1.88639,1.87569,5.461270000000001,0.64438,0.59018,0.63337,0.32866,7.835094e-05,0.315564,0.31682,-0.0012559999999999794,85,0.32866,0.31617,CONVERGED_OR_PLATEAU
NEU-DET,Full-SFT,neu_full_seed824_e100,86,1.09326,1.34045,1.32952,3.7632299999999996,1.71143,1.89731,1.88253,5.49127,0.66169,0.59717,0.64074,0.32818,7.034706e-05,0.315564,0.31682,-0.0012559999999999794,85,0.32866,0.31617,CONVERGED_OR_PLATEAU
NEU-DET,Full-SFT,neu_full_seed824_e100,87,1.11872,1.38271,1.33807,3.8395,1.72902,1.90482,1.88806,5.5219000000000005,0.63125,0.59215,0.63616,0.32105,6.282162e-05,0.315564,0.31682,-0.0012559999999999794,85,0.32866,0.31617,CONVERGED_OR_PLATEAU
NEU-DET,Full-SFT,neu_full_seed824_e100,88,1.10778,1.30052,1.29981,3.7081099999999996,1.74987,1.93982,1.91033,5.600020000000001,0.63761,0.58169,0.63044,0.31332,5.578264e-05,0.315564,0.31682,-0.0012559999999999794,85,0.32866,0.31617,CONVERGED_OR_PLATEAU
NEU-DET,Full-SFT,neu_full_seed824_e100,89,1.18876,1.31706,1.37313,3.8789499999999997,1.75274,1.94062,1.91997,5.61333,0.62488,0.58977,0.6248,0.31706,4.923668e-05,0.315564,0.31682,-0.0012559999999999794,85,0.32866,0.31617,CONVERGED_OR_PLATEAU
NEU-DET,Full-SFT,neu_full_seed824_e100,90,1.09962,1.28992,1.31079,3.70033,1.75706,1.92244,1.9216,5.6011,0.61124,0.5832,0.62609,0.31507,4.3190400000000006e-05,0.315564,0.31682,-0.0012559999999999794,85,0.32866,0.31617,CONVERGED_OR_PLATEAU
NEU-DET,Full-SFT,neu_full_seed824_e100,91,1.23953,1.52312,1.49176,4.25441,1.74493,1.91466,1.90395,5.56354,0.63672,0.5861,0.63794,0.3182,3.7649700000000006e-05,0.315564,0.31682,-0.0012559999999999794,85,0.32866,0.31617,CONVERGED_OR_PLATEAU
NEU-DET,Full-SFT,neu_full_seed824_e100,92,1.1704,1.53471,1.41418,4.11929,1.75648,1.91866,1.91532,5.59046,0.61467,0.60045,0.6375,0.31832,3.2620079999999995e-05,0.315564,0.31682,-0.0012559999999999794,85,0.32866,0.31617,CONVERGED_OR_PLATEAU
NEU-DET,Full-SFT,neu_full_seed824_e100,93,1.11751,1.49451,1.37569,3.9877100000000003,1.76083,1.92638,1.92043,5.60764,0.62352,0.60048,0.63927,0.31771,2.8106460000000003e-05,0.315564,0.31682,-0.0012559999999999794,85,0.32866,0.31617,CONVERGED_OR_PLATEAU
NEU-DET,Full-SFT,neu_full_seed824_e100,94,1.04491,1.38946,1.28844,3.72281,1.76853,1.92002,1.92965,5.6182,0.63398,0.58965,0.64189,0.31459,2.411332e-05,0.315564,0.31682,-0.0012559999999999794,85,0.32866,0.31617,CONVERGED_OR_PLATEAU
NEU-DET,Full-SFT,neu_full_seed824_e100,95,1.19048,1.51616,1.41475,4.12139,1.76699,1.92783,1.92851,5.62333,0.62125,0.60059,0.64164,0.31528,2.0644582e-05,0.315564,0.31682,-0.0012559999999999794,85,0.32866,0.31617,CONVERGED_OR_PLATEAU
NEU-DET,Full-SFT,neu_full_seed824_e100,96,1.13907,1.53546,1.39051,4.06504,1.76549,1.93331,1.93175,5.63055,0.64116,0.5963,0.64284,0.31534,1.7703708e-05,0.315564,0.31682,-0.0012559999999999794,85,0.32866,0.31617,CONVERGED_OR_PLATEAU
NEU-DET,Full-SFT,neu_full_seed824_e100,97,1.05392,1.33213,1.3355,3.7215499999999997,1.76169,1.93096,1.9353,5.62795,0.62262,0.59901,0.64107,0.31621,1.5293522e-05,0.315564,0.31682,-0.0012559999999999794,85,0.32866,0.31617,CONVERGED_OR_PLATEAU
NEU-DET,Full-SFT,neu_full_seed824_e100,98,1.06182,1.43856,1.34122,3.8415999999999997,1.76029,1.93387,1.93441,5.62857,0.62177,0.60466,0.64165,0.31416,1.3416502e-05,0.315564,0.31682,-0.0012559999999999794,85,0.32866,0.31617,CONVERGED_OR_PLATEAU
NEU-DET,Full-SFT,neu_full_seed824_e100,99,1.08701,1.45738,1.36918,3.91357,1.75762,1.93119,1.93468,5.62349,0.61252,0.60694,0.64488,0.31594,1.2074455999999999e-05,0.315564,0.31682,-0.0012559999999999794,85,0.32866,0.31617,CONVERGED_OR_PLATEAU
NEU-DET,Full-SFT,neu_full_seed824_e100,100,1.14855,1.45662,1.39124,3.99641,1.75813,1.92296,1.93635,5.61744,0.6115,0.61166,0.64564,0.31617,1.1268705999999999e-05,0.315564,0.31682,-0.0012559999999999794,85,0.32866,0.31617,CONVERGED_OR_PLATEAU
NEU-DET,Frozen Backbone,neu_frozen_seed824_e100,1,1.88405,3.83568,1.85049,7.57022,2.0635,4.2125,2.08961,8.36561,0.01094,0.57229,0.02901,0.00894,0.000132,0.261958,0.254322,0.007636000000000032,79,0.2694,0.26642,CONVERGED_OR_PLATEAU
NEU-DET,Frozen Backbone,neu_frozen_seed824_e100,2,1.55164,3.6457,1.69616,6.8935,1.93573,4.16127,2.06409,8.16109,0.00816,0.74927,0.13128,0.05023,0.00027493280000000003,0.261958,0.254322,0.007636000000000032,79,0.2694,0.26642,CONVERGED_OR_PLATEAU
NEU-DET,Frozen Backbone,neu_frozen_seed824_e100,3,1.69573,3.56889,1.80284,7.06746,1.95389,4.12825,2.0709,8.15304,0.00793,0.86485,0.1322,0.0507,0.0004175918,0.261958,0.254322,0.007636000000000032,79,0.2694,0.26642,CONVERGED_OR_PLATEAU
NEU-DET,Frozen Backbone,neu_frozen_seed824_e100,4,1.60948,3.40325,1.77016,6.782889999999999,2.16313,4.05594,2.2281,8.44717,0.00742,0.81442,0.12706,0.04599,0.000559768,0.261958,0.254322,0.007636000000000032,79,0.2694,0.26642,CONVERGED_OR_PLATEAU
NEU-DET,Frozen Backbone,neu_frozen_seed824_e100,5,1.64246,3.24997,1.75725,6.64968,2.12791,3.80458,2.31075,8.24324,0.8029,0.05206,0.1942,0.07506,0.0007012514,0.261958,0.254322,0.007636000000000032,79,0.2694,0.26642,CONVERGED_OR_PLATEAU
NEU-DET,Frozen Backbone,neu_frozen_seed824_e100,6,1.74727,3.15468,1.86773,6.76968,2.16412,3.56386,2.5138,8.24178,0.15945,0.24207,0.15604,0.05563,0.000841837,0.261958,0.254322,0.007636000000000032,79,0.2694,0.26642,CONVERGED_OR_PLATEAU
NEU-DET,Frozen Backbone,neu_frozen_seed824_e100,7,1.66518,2.8733,1.80724,6.34572,2.19185,3.67789,2.51786,8.3876,0.17195,0.35952,0.15292,0.05571,0.0009813202,0.261958,0.254322,0.007636000000000032,79,0.2694,0.26642,CONVERGED_OR_PLATEAU
NEU-DET,Frozen Backbone,neu_frozen_seed824_e100,8,1.69359,2.85928,1.8576,6.41047,2.10665,3.56755,2.35671,8.03091,0.1971,0.43591,0.22929,0.08515,0.0010868872,0.261958,0.254322,0.007636000000000032,79,0.2694,0.26642,CONVERGED_OR_PLATEAU
NEU-DET,Frozen Backbone,neu_frozen_seed824_e100,9,1.64453,2.6313,1.77755,6.05338,2.14109,3.97038,2.35112,8.46259,0.31807,0.40249,0.29097,0.11475,0.0010828942000000001,0.261958,0.254322,0.007636000000000032,79,0.2694,0.26642,CONVERGED_OR_PLATEAU
NEU-DET,Frozen Backbone,neu_frozen_seed824_e100,10,1.64088,2.63294,1.78548,6.0592999999999995,2.15966,5.2652,2.35985,9.78471,0.23987,0.46425,0.24902,0.09041,0.0010783796000000002,0.261958,0.254322,0.007636000000000032,79,0.2694,0.26642,CONVERGED_OR_PLATEAU
NEU-DET,Frozen Backbone,neu_frozen_seed824_e100,11,1.6406,2.52618,1.71038,5.87716,2.32021,6.84632,2.50245,11.66898,0.39151,0.33634,0.23251,0.0841,0.001073351,0.261958,0.254322,0.007636000000000032,79,0.2694,0.26642,CONVERGED_OR_PLATEAU
NEU-DET,Frozen Backbone,neu_frozen_seed824_e100,12,1.72445,2.57015,1.78205,6.07665,2.27818,5.25934,2.39178,9.9293,0.18376,0.48344,0.25628,0.09287,0.0010678092,0.261958,0.254322,0.007636000000000032,79,0.2694,0.26642,CONVERGED_OR_PLATEAU
NEU-DET,Frozen Backbone,neu_frozen_seed824_e100,13,1.65478,2.47357,1.7398,5.86815,2.13751,4.22535,2.25081,8.613669999999999,0.40807,0.43285,0.27522,0.10668,0.0010617634,0.261958,0.254322,0.007636000000000032,79,0.2694,0.26642,CONVERGED_OR_PLATEAU
NEU-DET,Frozen Backbone,neu_frozen_seed824_e100,14,1.57374,2.29334,1.68894,5.55602,1.98487,4.93531,2.16172,9.081900000000001,0.46817,0.42208,0.33339,0.13372,0.0010552182,0.261958,0.254322,0.007636000000000032,79,0.2694,0.26642,CONVERGED_OR_PLATEAU
NEU-DET,Frozen Backbone,neu_frozen_seed824_e100,15,1.65497,2.53702,1.77462,5.966610000000001,2.0506,4.36747,2.25702,8.67509,0.49153,0.33092,0.30522,0.12473,0.0010481784,0.261958,0.254322,0.007636000000000032,79,0.2694,0.26642,CONVERGED_OR_PLATEAU
NEU-DET,Frozen Backbone,neu_frozen_seed824_e100,16,1.60758,2.35128,1.73414,5.693,2.0319,5.04518,2.27045,9.34753,0.2892,0.47323,0.28798,0.1097,0.0010406536,0.261958,0.254322,0.007636000000000032,79,0.2694,0.26642,CONVERGED_OR_PLATEAU
NEU-DET,Frozen Backbone,neu_frozen_seed824_e100,17,1.60657,2.3218,1.72511,5.65348,2.00076,5.02028,2.32318,9.34422,0.38357,0.41251,0.33652,0.1383,0.0010326484,0.261958,0.254322,0.007636000000000032,79,0.2694,0.26642,CONVERGED_OR_PLATEAU
NEU-DET,Frozen Backbone,neu_frozen_seed824_e100,18,1.56547,2.33616,1.68742,5.58905,1.99476,3.85555,2.23029,8.0806,0.28908,0.4994,0.34882,0.14831,0.0010241730000000002,0.261958,0.254322,0.007636000000000032,79,0.2694,0.26642,CONVERGED_OR_PLATEAU
NEU-DET,Frozen Backbone,neu_frozen_seed824_e100,19,1.60044,2.27381,1.70987,5.58412,1.98918,3.71702,2.20239,7.90859,0.58837,0.33859,0.34041,0.13593,0.0010152353999999999,0.261958,0.254322,0.007636000000000032,79,0.2694,0.26642,CONVERGED_OR_PLATEAU
NEU-DET,Frozen Backbone,neu_frozen_seed824_e100,20,1.53295,2.19616,1.66007,5.38918,2.05037,3.32003,2.19279,7.5631900000000005,0.45937,0.42881,0.33675,0.12816,0.0010058454,0.261958,0.254322,0.007636000000000032,79,0.2694,0.26642,CONVERGED_OR_PLATEAU
NEU-DET,Frozen Backbone,neu_frozen_seed824_e100,21,1.52636,2.19073,1.65592,5.37301,1.9768,3.32123,2.12648,7.42451,0.4354,0.46905,0.3174,0.12558,0.0009960102,0.261958,0.254322,0.007636000000000032,79,0.2694,0.26642,CONVERGED_OR_PLATEAU
NEU-DET,Frozen Backbone,neu_frozen_seed824_e100,22,1.55686,2.11491,1.63901,5.31078,2.02729,3.55287,2.22546,7.805619999999999,0.27798,0.55089,0.30874,0.12675,0.0009857388,0.261958,0.254322,0.007636000000000032,79,0.2694,0.26642,CONVERGED_OR_PLATEAU
NEU-DET,Frozen Backbone,neu_frozen_seed824_e100,23,1.55205,2.0833,1.62642,5.26177,2.0333,3.65434,2.25832,7.9459599999999995,0.35371,0.45879,0.36799,0.14744,0.0009750448,0.261958,0.254322,0.007636000000000032,79,0.2694,0.26642,CONVERGED_OR_PLATEAU
NEU-DET,Frozen Backbone,neu_frozen_seed824_e100,24,1.56396,2.14522,1.70321,5.41239,1.97047,3.50492,2.15785,7.63324,0.46122,0.50868,0.39542,0.16927,0.0009639353999999999,0.261958,0.254322,0.007636000000000032,79,0.2694,0.26642,CONVERGED_OR_PLATEAU
NEU-DET,Frozen Backbone,neu_frozen_seed824_e100,25,1.46012,2.05157,1.59704,5.1087299999999995,1.90945,3.31917,2.06264,7.29126,0.50865,0.47905,0.41993,0.18639,0.0009524233999999999,0.261958,0.254322,0.007636000000000032,79,0.2694,0.26642,CONVERGED_OR_PLATEAU
NEU-DET,Frozen Backbone,neu_frozen_seed824_e100,26,1.48001,2.00116,1.60467,5.08584,1.85778,2.89354,2.02306,6.77438,0.54871,0.49214,0.44282,0.19729,0.0009405205999999999,0.261958,0.254322,0.007636000000000032,79,0.2694,0.26642,CONVERGED_OR_PLATEAU
NEU-DET,Frozen Backbone,neu_frozen_seed824_e100,27,1.53331,2.00311,1.61271,5.1491299999999995,1.91714,2.71342,2.06804,6.6986,0.56363,0.46802,0.43223,0.19811,0.0009282356,0.261958,0.254322,0.007636000000000032,79,0.2694,0.26642,CONVERGED_OR_PLATEAU
NEU-DET,Frozen Backbone,neu_frozen_seed824_e100,28,1.4542,1.92735,1.54683,4.92838,1.91596,2.81375,2.08156,6.81127,0.61911,0.43867,0.45564,0.1992,0.0009155844,0.261958,0.254322,0.007636000000000032,79,0.2694,0.26642,CONVERGED_OR_PLATEAU
NEU-DET,Frozen Backbone,neu_frozen_seed824_e100,29,1.4364,1.99618,1.57376,5.00634,1.92576,2.9051,2.09003,6.92089,0.59064,0.48264,0.46029,0.19902,0.0009025774,0.261958,0.254322,0.007636000000000032,79,0.2694,0.26642,CONVERGED_OR_PLATEAU
NEU-DET,Frozen Backbone,neu_frozen_seed824_e100,30,1.41037,1.81306,1.52123,4.74466,1.89664,2.8126,2.08576,6.795,0.53168,0.47933,0.43586,0.19547,0.0008892282,0.261958,0.254322,0.007636000000000032,79,0.2694,0.26642,CONVERGED_OR_PLATEAU
NEU-DET,Frozen Backbone,neu_frozen_seed824_e100,31,1.45915,1.97409,1.55662,4.989859999999999,1.918,2.92647,2.09136,6.93583,0.29093,0.57119,0.42227,0.17487,0.0008755498,0.261958,0.254322,0.007636000000000032,79,0.2694,0.26642,CONVERGED_OR_PLATEAU
NEU-DET,Frozen Backbone,neu_frozen_seed824_e100,32,1.43341,1.89171,1.5759,4.90102,1.94678,3.01771,2.11976,7.084249999999999,0.40478,0.4849,0.39404,0.15895,0.0008615538000000001,0.261958,0.254322,0.007636000000000032,79,0.2694,0.26642,CONVERGED_OR_PLATEAU
NEU-DET,Frozen Backbone,neu_frozen_seed824_e100,33,1.44368,2.00485,1.61143,5.05996,1.93202,2.79056,2.11584,6.838420000000001,0.51208,0.458,0.42394,0.17817,0.0008472578,0.261958,0.254322,0.007636000000000032,79,0.2694,0.26642,CONVERGED_OR_PLATEAU
NEU-DET,Frozen Backbone,neu_frozen_seed824_e100,34,1.46618,1.95322,1.56767,4.98707,1.95605,2.72926,2.0952,6.7805100000000005,0.57005,0.48541,0.44539,0.18143,0.0008326732,0.261958,0.254322,0.007636000000000032,79,0.2694,0.26642,CONVERGED_OR_PLATEAU
NEU-DET,Frozen Backbone,neu_frozen_seed824_e100,35,1.40586,1.89724,1.51496,4.81806,1.94533,2.67826,2.09785,6.72144,0.53977,0.5079,0.43056,0.17326,0.0008178155999999999,0.261958,0.254322,0.007636000000000032,79,0.2694,0.26642,CONVERGED_OR_PLATEAU
NEU-DET,Frozen Backbone,neu_frozen_seed824_e100,36,1.42511,1.87836,1.5454,4.84887,1.9418,2.80851,2.10591,6.85622,0.53533,0.49104,0.41242,0.17319,0.0008026976,0.261958,0.254322,0.007636000000000032,79,0.2694,0.26642,CONVERGED_OR_PLATEAU
NEU-DET,Frozen Backbone,neu_frozen_seed824_e100,37,1.33015,1.77358,1.49224,4.5959699999999994,1.91449,2.73488,2.09086,6.74023,0.58574,0.49332,0.43616,0.19054,0.0007873366,0.261958,0.254322,0.007636000000000032,79,0.2694,0.26642,CONVERGED_OR_PLATEAU
NEU-DET,Frozen Backbone,neu_frozen_seed824_e100,38,1.39436,1.86741,1.53719,4.79896,1.94348,2.77423,2.10105,6.81876,0.58916,0.49623,0.44606,0.19674,0.0007717475999999999,0.261958,0.254322,0.007636000000000032,79,0.2694,0.26642,CONVERGED_OR_PLATEAU
NEU-DET,Frozen Backbone,neu_frozen_seed824_e100,39,1.33549,1.67917,1.48403,4.49869,2.00882,2.92304,2.10751,7.03937,0.42632,0.5183,0.42574,0.1763,0.0007559434,0.261958,0.254322,0.007636000000000032,79,0.2694,0.26642,CONVERGED_OR_PLATEAU
NEU-DET,Frozen Backbone,neu_frozen_seed824_e100,40,1.40015,1.80423,1.50785,4.71223,1.98583,2.78266,2.05629,6.8247800000000005,0.40511,0.50906,0.42206,0.17755,0.0007399425999999999,0.261958,0.254322,0.007636000000000032,79,0.2694,0.26642,CONVERGED_OR_PLATEAU
NEU-DET,Frozen Backbone,neu_frozen_seed824_e100,41,1.31117,1.73635,1.48107,4.52859,1.91536,2.65659,2.03512,6.60707,0.47037,0.52119,0.46024,0.19021,0.0007237602,0.261958,0.254322,0.007636000000000032,79,0.2694,0.26642,CONVERGED_OR_PLATEAU
NEU-DET,Frozen Backbone,neu_frozen_seed824_e100,42,1.29446,1.69944,1.49922,4.49312,1.89061,2.51106,2.04295,6.4446200000000005,0.41977,0.54242,0.47429,0.20834,0.0007074106,0.261958,0.254322,0.007636000000000032,79,0.2694,0.26642,CONVERGED_OR_PLATEAU
NEU-DET,Frozen Backbone,neu_frozen_seed824_e100,43,1.4406,1.72813,1.56669,4.7354199999999995,1.90321,2.44286,2.0672,6.413270000000001,0.62902,0.46802,0.49407,0.21685,0.0006909108,0.261958,0.254322,0.007636000000000032,79,0.2694,0.26642,CONVERGED_OR_PLATEAU
NEU-DET,Frozen Backbone,neu_frozen_seed824_e100,44,1.35089,1.72879,1.50787,4.58755,1.93354,2.34642,2.07715,6.3571100000000005,0.62091,0.5057,0.49875,0.22626,0.0006742785999999999,0.261958,0.254322,0.007636000000000032,79,0.2694,0.26642,CONVERGED_OR_PLATEAU
NEU-DET,Frozen Backbone,neu_frozen_seed824_e100,45,1.31824,1.68788,1.44675,4.45287,1.94499,2.29515,2.06488,6.305020000000001,0.46805,0.53927,0.50924,0.23083,0.0006575298000000001,0.261958,0.254322,0.007636000000000032,79,0.2694,0.26642,CONVERGED_OR_PLATEAU
NEU-DET,Frozen Backbone,neu_frozen_seed824_e100,46,1.33768,1.66339,1.46909,4.47016,1.96155,2.36947,2.08606,6.41708,0.53427,0.49921,0.49213,0.21961,0.0006406786,0.261958,0.254322,0.007636000000000032,79,0.2694,0.26642,CONVERGED_OR_PLATEAU
NEU-DET,Frozen Backbone,neu_frozen_seed824_e100,47,1.23097,1.57942,1.4219,4.23229,1.89879,2.39749,2.0303,6.32658,0.40945,0.55747,0.50453,0.22925,0.0006237440000000001,0.261958,0.254322,0.007636000000000032,79,0.2694,0.26642,CONVERGED_OR_PLATEAU
NEU-DET,Frozen Backbone,neu_frozen_seed824_e100,48,1.29973,1.67912,1.41934,4.39819,1.88916,2.40731,2.02479,6.321259999999999,0.41455,0.57119,0.51917,0.23109,0.0006067428,0.261958,0.254322,0.007636000000000032,79,0.2694,0.26642,CONVERGED_OR_PLATEAU
NEU-DET,Frozen Backbone,neu_frozen_seed824_e100,49,1.27012,1.72733,1.48715,4.4845999999999995,1.93698,2.45855,2.05979,6.45532,0.42912,0.55493,0.50392,0.22522,0.0005896887999999999,0.261958,0.254322,0.007636000000000032,79,0.2694,0.26642,CONVERGED_OR_PLATEAU
NEU-DET,Frozen Backbone,neu_frozen_seed824_e100,50,1.34709,1.63748,1.48735,4.47192,1.91164,2.40969,2.03751,6.35884,0.45937,0.57187,0.50286,0.2202,0.0005726036000000001,0.261958,0.254322,0.007636000000000032,79,0.2694,0.26642,CONVERGED_OR_PLATEAU
NEU-DET,Frozen Backbone,neu_frozen_seed824_e100,51,1.24045,1.6025,1.41896,4.26191,1.923,2.43262,2.03818,6.393800000000001,0.44999,0.50465,0.45747,0.20165,0.0005555,0.261958,0.254322,0.007636000000000032,79,0.2694,0.26642,CONVERGED_OR_PLATEAU
NEU-DET,Frozen Backbone,neu_frozen_seed824_e100,52,1.31081,1.58328,1.48007,4.37416,1.94422,2.41742,2.05302,6.41466,0.40541,0.53503,0.43875,0.19848,0.000538397,0.261958,0.254322,0.007636000000000032,79,0.2694,0.26642,CONVERGED_OR_PLATEAU
NEU-DET,Frozen Backbone,neu_frozen_seed824_e100,53,1.31366,1.60983,1.43089,4.35438,1.94331,2.38536,2.06648,6.395149999999999,0.42329,0.55685,0.4557,0.20224,0.0005213106000000001,0.261958,0.254322,0.007636000000000032,79,0.2694,0.26642,CONVERGED_OR_PLATEAU
NEU-DET,Frozen Backbone,neu_frozen_seed824_e100,54,1.29229,1.57164,1.42723,4.29116,1.94944,2.3226,2.06901,6.341050000000001,0.42676,0.52887,0.4642,0.20833,0.0005042578,0.261958,0.254322,0.007636000000000032,79,0.2694,0.26642,CONVERGED_OR_PLATEAU
NEU-DET,Frozen Backbone,neu_frozen_seed824_e100,55,1.38339,1.5983,1.45296,4.4346499999999995,1.95279,2.28016,2.06415,6.2971,0.46172,0.53985,0.47341,0.20335,0.000487256,0.261958,0.254322,0.007636000000000032,79,0.2694,0.26642,CONVERGED_OR_PLATEAU
NEU-DET,Frozen Backbone,neu_frozen_seed824_e100,56,1.27143,1.55857,1.41281,4.24281,1.93814,2.26972,2.06266,6.27052,0.48421,0.5429,0.51495,0.21591,0.00047032139999999997,0.261958,0.254322,0.007636000000000032,79,0.2694,0.26642,CONVERGED_OR_PLATEAU
NEU-DET,Frozen Backbone,neu_frozen_seed824_e100,57,1.26915,1.57548,1.43689,4.28152,1.9156,2.28808,2.10499,6.30867,0.47825,0.56063,0.52266,0.22601,0.0004534706,0.261958,0.254322,0.007636000000000032,79,0.2694,0.26642,CONVERGED_OR_PLATEAU
NEU-DET,Frozen Backbone,neu_frozen_seed824_e100,58,1.31626,1.58843,1.49726,4.40195,1.89241,2.22073,2.11253,6.225669999999999,0.48705,0.5785,0.54714,0.23979,0.000436721,0.261958,0.254322,0.007636000000000032,79,0.2694,0.26642,CONVERGED_OR_PLATEAU
NEU-DET,Frozen Backbone,neu_frozen_seed824_e100,59,1.24352,1.60057,1.41138,4.25547,1.85437,2.2168,2.08181,6.15298,0.47802,0.56676,0.56255,0.25408,0.0004200886,0.261958,0.254322,0.007636000000000032,79,0.2694,0.26642,CONVERGED_OR_PLATEAU
NEU-DET,Frozen Backbone,neu_frozen_seed824_e100,60,1.16972,1.47721,1.38322,4.03015,1.84804,2.16164,2.06467,6.074349999999999,0.46429,0.58937,0.5661,0.25664,0.0004035892,0.261958,0.254322,0.007636000000000032,79,0.2694,0.26642,CONVERGED_OR_PLATEAU
NEU-DET,Frozen Backbone,neu_frozen_seed824_e100,61,1.24257,1.49821,1.41185,4.15263,1.87413,2.163,2.04246,6.07959,0.50564,0.55532,0.56072,0.25401,0.0003872404,0.261958,0.254322,0.007636000000000032,79,0.2694,0.26642,CONVERGED_OR_PLATEAU
NEU-DET,Frozen Backbone,neu_frozen_seed824_e100,62,1.26505,1.52649,1.40528,4.19682,1.91378,2.18341,2.04457,6.14176,0.4875,0.57055,0.5471,0.24404,0.0003710572,0.261958,0.254322,0.007636000000000032,79,0.2694,0.26642,CONVERGED_OR_PLATEAU
NEU-DET,Frozen Backbone,neu_frozen_seed824_e100,63,1.27461,1.52012,1.42544,4.2201699999999995,1.91434,2.16217,2.04701,6.12352,0.51076,0.56332,0.54896,0.24422,0.000355056,0.261958,0.254322,0.007636000000000032,79,0.2694,0.26642,CONVERGED_OR_PLATEAU
NEU-DET,Frozen Backbone,neu_frozen_seed824_e100,64,1.14909,1.44851,1.31962,3.91722,1.86619,2.1625,2.03627,6.06496,0.52153,0.58518,0.56805,0.25708,0.0003392532,0.261958,0.254322,0.007636000000000032,79,0.2694,0.26642,CONVERGED_OR_PLATEAU
NEU-DET,Frozen Backbone,neu_frozen_seed824_e100,65,1.27731,1.58065,1.42015,4.27811,1.84583,2.18404,2.05108,6.08095,0.53549,0.55903,0.56742,0.26322,0.00032366320000000004,0.261958,0.254322,0.007636000000000032,79,0.2694,0.26642,CONVERGED_OR_PLATEAU
NEU-DET,Frozen Backbone,neu_frozen_seed824_e100,66,1.16844,1.4171,1.36081,3.94635,1.84518,2.20768,2.05201,6.10487,0.56849,0.53918,0.56575,0.25841,0.00030830220000000006,0.261958,0.254322,0.007636000000000032,79,0.2694,0.26642,CONVERGED_OR_PLATEAU
NEU-DET,Frozen Backbone,neu_frozen_seed824_e100,67,1.23418,1.47936,1.39606,4.1096,1.8517,2.18699,2.03614,6.07483,0.53072,0.56208,0.55906,0.25203,0.0002931852,0.261958,0.254322,0.007636000000000032,79,0.2694,0.26642,CONVERGED_OR_PLATEAU
NEU-DET,Frozen Backbone,neu_frozen_seed824_e100,68,1.19624,1.49459,1.39917,4.09,1.87236,2.17608,2.02267,6.071109999999999,0.61089,0.52672,0.55161,0.25112,0.0002783266,0.261958,0.254322,0.007636000000000032,79,0.2694,0.26642,CONVERGED_OR_PLATEAU
NEU-DET,Frozen Backbone,neu_frozen_seed824_e100,69,1.19858,1.53182,1.4214,4.1518,1.87813,2.13495,2.01992,6.033,0.54934,0.53135,0.55835,0.2516,0.0002637424,0.261958,0.254322,0.007636000000000032,79,0.2694,0.26642,CONVERGED_OR_PLATEAU
NEU-DET,Frozen Backbone,neu_frozen_seed824_e100,70,1.1784,1.41073,1.36646,3.95559,1.85996,2.12287,2.01065,5.99348,0.47545,0.60127,0.56827,0.25867,0.0002494456,0.261958,0.254322,0.007636000000000032,79,0.2694,0.26642,CONVERGED_OR_PLATEAU
NEU-DET,Frozen Backbone,neu_frozen_seed824_e100,71,1.13063,1.41011,1.31834,3.85908,1.84693,2.11103,2.01636,5.9743200000000005,0.48761,0.60335,0.57162,0.26051,0.0002354508,0.261958,0.254322,0.007636000000000032,79,0.2694,0.26642,CONVERGED_OR_PLATEAU
NEU-DET,Frozen Backbone,neu_frozen_seed824_e100,72,1.11606,1.39084,1.34943,3.85633,1.83612,2.11746,2.0266,5.98018,0.51219,0.56905,0.57132,0.26089,0.0002217722,0.261958,0.254322,0.007636000000000032,79,0.2694,0.26642,CONVERGED_OR_PLATEAU
NEU-DET,Frozen Backbone,neu_frozen_seed824_e100,73,1.11374,1.37065,1.32873,3.8131199999999996,1.83839,2.13574,2.0541,6.028230000000001,0.48397,0.58153,0.56407,0.25776,0.00020842252,0.261958,0.254322,0.007636000000000032,79,0.2694,0.26642,CONVERGED_OR_PLATEAU
NEU-DET,Frozen Backbone,neu_frozen_seed824_e100,74,1.11222,1.36244,1.31877,3.79343,1.8535,2.13395,2.06948,6.0569299999999995,0.51749,0.55251,0.55474,0.25402,0.00019541585999999998,0.261958,0.254322,0.007636000000000032,79,0.2694,0.26642,CONVERGED_OR_PLATEAU
NEU-DET,Frozen Backbone,neu_frozen_seed824_e100,75,1.1274,1.38559,1.3326,3.8455900000000005,1.85126,2.13556,2.05669,6.0435099999999995,0.52801,0.53858,0.56398,0.25742,0.00018276392000000002,0.261958,0.254322,0.007636000000000032,79,0.2694,0.26642,CONVERGED_OR_PLATEAU
NEU-DET,Frozen Backbone,neu_frozen_seed824_e100,76,1.08447,1.3372,1.30568,3.7273499999999995,1.83981,2.11585,2.03716,5.99282,0.53977,0.5405,0.56198,0.262,0.00017048022,0.261958,0.254322,0.007636000000000032,79,0.2694,0.26642,CONVERGED_OR_PLATEAU
NEU-DET,Frozen Backbone,neu_frozen_seed824_e100,77,1.18461,1.42246,1.36002,3.9670900000000002,1.85161,2.08045,2.03679,5.96885,0.51673,0.56252,0.56842,0.26445,0.00015857686,0.261958,0.254322,0.007636000000000032,79,0.2694,0.26642,CONVERGED_OR_PLATEAU
NEU-DET,Frozen Backbone,neu_frozen_seed824_e100,78,1.12605,1.3707,1.32989,3.8266400000000003,1.85013,2.04943,2.02693,5.92649,0.53505,0.56268,0.57372,0.26712,0.0001470645,0.261958,0.254322,0.007636000000000032,79,0.2694,0.26642,CONVERGED_OR_PLATEAU
NEU-DET,Frozen Backbone,neu_frozen_seed824_e100,79,1.10035,1.34517,1.33484,3.78036,1.84418,2.04721,2.02027,5.91166,0.53386,0.56373,0.57215,0.2694,0.00013595559999999998,0.261958,0.254322,0.007636000000000032,79,0.2694,0.26642,CONVERGED_OR_PLATEAU
NEU-DET,Frozen Backbone,neu_frozen_seed824_e100,80,1.13372,1.31139,1.33037,3.77548,1.8405,2.05109,2.01782,5.909409999999999,0.5769,0.55858,0.57777,0.26899,0.00012526052,0.261958,0.254322,0.007636000000000032,79,0.2694,0.26642,CONVERGED_OR_PLATEAU
NEU-DET,Frozen Backbone,neu_frozen_seed824_e100,81,1.21857,1.4118,1.41913,4.0495,1.8471,2.07215,2.01538,5.93463,0.56172,0.54993,0.57844,0.26808,0.00011499046,0.261958,0.254322,0.007636000000000032,79,0.2694,0.26642,CONVERGED_OR_PLATEAU
NEU-DET,Frozen Backbone,neu_frozen_seed824_e100,82,1.10523,1.29029,1.29651,3.69203,1.84805,2.06207,2.0265,5.93662,0.51024,0.57498,0.57229,0.26543,0.00010515457999999999,0.261958,0.254322,0.007636000000000032,79,0.2694,0.26642,CONVERGED_OR_PLATEAU
NEU-DET,Frozen Backbone,neu_frozen_seed824_e100,83,1.08035,1.32317,1.33036,3.73388,1.85215,2.0578,2.02722,5.93717,0.55726,0.54362,0.57275,0.26527,9.576338e-05,0.261958,0.254322,0.007636000000000032,79,0.2694,0.26642,CONVERGED_OR_PLATEAU
NEU-DET,Frozen Backbone,neu_frozen_seed824_e100,84,1.14587,1.38708,1.3523,3.88525,1.85572,2.06951,2.02748,5.95271,0.55801,0.55232,0.57263,0.26406,8.682588e-05,0.261958,0.254322,0.007636000000000032,79,0.2694,0.26642,CONVERGED_OR_PLATEAU
NEU-DET,Frozen Backbone,neu_frozen_seed824_e100,85,1.09963,1.31026,1.30433,3.71422,1.85357,2.06032,2.03194,5.94583,0.55223,0.55608,0.5805,0.26517,7.835094e-05,0.261958,0.254322,0.007636000000000032,79,0.2694,0.26642,CONVERGED_OR_PLATEAU
NEU-DET,Frozen Backbone,neu_frozen_seed824_e100,86,1.09499,1.38633,1.33742,3.81874,1.84461,2.06792,2.02598,5.938510000000001,0.52466,0.56701,0.57614,0.26474,7.034706e-05,0.261958,0.254322,0.007636000000000032,79,0.2694,0.26642,CONVERGED_OR_PLATEAU
NEU-DET,Frozen Backbone,neu_frozen_seed824_e100,87,1.09944,1.36707,1.32337,3.78988,1.84062,2.06872,2.0314,5.94074,0.52003,0.59163,0.5843,0.26495,6.282162e-05,0.261958,0.254322,0.007636000000000032,79,0.2694,0.26642,CONVERGED_OR_PLATEAU
NEU-DET,Frozen Backbone,neu_frozen_seed824_e100,88,1.12005,1.30914,1.30861,3.7378,1.84538,2.0603,2.04947,5.95515,0.52414,0.58453,0.58208,0.26649,5.578264e-05,0.261958,0.254322,0.007636000000000032,79,0.2694,0.26642,CONVERGED_OR_PLATEAU
NEU-DET,Frozen Backbone,neu_frozen_seed824_e100,89,1.20631,1.37904,1.37816,3.9635100000000003,1.85384,2.06618,2.05664,5.97666,0.53876,0.58511,0.58293,0.26753,4.923668e-05,0.261958,0.254322,0.007636000000000032,79,0.2694,0.26642,CONVERGED_OR_PLATEAU
NEU-DET,Frozen Backbone,neu_frozen_seed824_e100,90,1.13508,1.35143,1.32408,3.81059,1.85567,2.0666,2.04385,5.96612,0.53753,0.58067,0.58025,0.26379,4.3190400000000006e-05,0.261958,0.254322,0.007636000000000032,79,0.2694,0.26642,CONVERGED_OR_PLATEAU
NEU-DET,Frozen Backbone,neu_frozen_seed824_e100,91,1.12021,1.53181,1.39832,4.05034,1.83956,2.12003,2.01225,5.97184,0.51755,0.57179,0.56216,0.25328,3.7649700000000006e-05,0.261958,0.254322,0.007636000000000032,79,0.2694,0.26642,CONVERGED_OR_PLATEAU
NEU-DET,Frozen Backbone,neu_frozen_seed824_e100,92,1.09361,1.49532,1.37125,3.9601800000000003,1.84584,2.15694,2.01018,6.01296,0.52146,0.5678,0.5522,0.25355,3.2620079999999995e-05,0.261958,0.254322,0.007636000000000032,79,0.2694,0.26642,CONVERGED_OR_PLATEAU
NEU-DET,Frozen Backbone,neu_frozen_seed824_e100,93,1.07627,1.48379,1.36665,3.92671,1.84244,2.19051,2.00507,6.03802,0.52044,0.57111,0.55002,0.25471,2.8106460000000003e-05,0.261958,0.254322,0.007636000000000032,79,0.2694,0.26642,CONVERGED_OR_PLATEAU
NEU-DET,Frozen Backbone,neu_frozen_seed824_e100,94,1.05959,1.44435,1.31137,3.81531,1.83587,2.20463,2.00676,6.04726,0.51781,0.57116,0.5576,0.25496,2.411332e-05,0.261958,0.254322,0.007636000000000032,79,0.2694,0.26642,CONVERGED_OR_PLATEAU
NEU-DET,Frozen Backbone,neu_frozen_seed824_e100,95,1.07745,1.44978,1.36168,3.88891,1.8342,2.21795,2.00441,6.05656,0.51653,0.57066,0.55965,0.25511,2.0644582e-05,0.261958,0.254322,0.007636000000000032,79,0.2694,0.26642,CONVERGED_OR_PLATEAU
NEU-DET,Frozen Backbone,neu_frozen_seed824_e100,96,1.09553,1.47451,1.36475,3.9347899999999996,1.83517,2.21824,2.00515,6.05856,0.5276,0.57431,0.56275,0.25622,1.7703708e-05,0.261958,0.254322,0.007636000000000032,79,0.2694,0.26642,CONVERGED_OR_PLATEAU
NEU-DET,Frozen Backbone,neu_frozen_seed824_e100,97,1.02294,1.34916,1.31524,3.68734,1.83307,2.20777,2.00603,6.04687,0.5254,0.57641,0.57269,0.25873,1.5293522e-05,0.261958,0.254322,0.007636000000000032,79,0.2694,0.26642,CONVERGED_OR_PLATEAU
NEU-DET,Frozen Backbone,neu_frozen_seed824_e100,98,0.98584,1.37685,1.28577,3.64846,1.83056,2.20376,2.00259,6.036910000000001,0.51586,0.58409,0.57594,0.26251,1.3416502e-05,0.261958,0.254322,0.007636000000000032,79,0.2694,0.26642,CONVERGED_OR_PLATEAU
NEU-DET,Frozen Backbone,neu_frozen_seed824_e100,99,1.03589,1.43386,1.34288,3.81263,1.82655,2.1982,1.9978,6.02255,0.51589,0.58306,0.5803,0.26591,1.2074455999999999e-05,0.261958,0.254322,0.007636000000000032,79,0.2694,0.26642,CONVERGED_OR_PLATEAU
NEU-DET,Frozen Backbone,neu_frozen_seed824_e100,100,1.06609,1.42198,1.34606,3.83413,1.82393,2.20584,1.99896,6.02873,0.56734,0.55295,0.57963,0.26642,1.1268705999999999e-05,0.261958,0.254322,0.007636000000000032,79,0.2694,0.26642,CONVERGED_OR_PLATEAU
NEU-DET,V-PEFT,neu_vpeft_seed824_e100,1,2.00646,3.89015,1.98797,7.884580000000001,2.34562,4.38825,2.32357,9.05744,0.00665,0.37397,0.00539,0.00152,0.00010800000000000001,0.303062,0.30759400000000003,-0.004532000000000036,87,0.31786,0.30394,CONVERGED_OR_PLATEAU
NEU-DET,V-PEFT,neu_vpeft_seed824_e100,2,1.82607,3.84683,1.93043,7.603330000000001,2.52991,4.54112,2.47451,9.54554,0.00398,0.34595,0.00566,0.00204,0.00022494500000000002,0.303062,0.30759400000000003,-0.004532000000000036,87,0.31786,0.30394,CONVERGED_OR_PLATEAU
NEU-DET,V-PEFT,neu_vpeft_seed824_e100,3,1.94332,3.82116,2.01978,7.78426,2.50347,4.48642,2.44614,9.43603,0.00391,0.36991,0.02996,0.01054,0.000341666,0.303062,0.30759400000000003,-0.004532000000000036,87,0.31786,0.30394,CONVERGED_OR_PLATEAU
NEU-DET,V-PEFT,neu_vpeft_seed824_e100,4,1.87355,3.78084,2.00687,7.66126,2.51016,4.42679,2.40579,9.34274,0.00564,0.4434,0.03842,0.01261,0.00045799199999999995,0.303062,0.30759400000000003,-0.004532000000000036,87,0.31786,0.30394,CONVERGED_OR_PLATEAU
NEU-DET,V-PEFT,neu_vpeft_seed824_e100,5,1.695,3.66036,1.78828,7.14364,2.46745,4.38935,2.36261,9.21941,0.00679,0.52207,0.04969,0.02051,0.0005737518333333333,0.303062,0.30759400000000003,-0.004532000000000036,87,0.31786,0.30394,CONVERGED_OR_PLATEAU
NEU-DET,V-PEFT,neu_vpeft_seed824_e100,6,1.76442,3.53622,1.84419,7.144830000000001,2.36852,4.28362,2.30031,8.95245,0.00695,0.67591,0.08203,0.0298,0.0006887765000000001,0.303062,0.30759400000000003,-0.004532000000000036,87,0.31786,0.30394,CONVERGED_OR_PLATEAU
NEU-DET,V-PEFT,neu_vpeft_seed824_e100,7,1.65169,3.42977,1.76424,6.8457,2.25437,4.13656,2.22803,8.618960000000001,0.00682,0.76197,0.10445,0.03881,0.0008028979999999999,0.303062,0.30759400000000003,-0.004532000000000036,87,0.31786,0.30394,CONVERGED_OR_PLATEAU
NEU-DET,V-PEFT,neu_vpeft_seed824_e100,8,1.6423,3.32845,1.77094,6.74169,2.1102,3.88766,2.14944,8.1473,0.47324,0.06694,0.11373,0.04611,0.000889271,0.303062,0.30759400000000003,-0.004532000000000036,87,0.31786,0.30394,CONVERGED_OR_PLATEAU
NEU-DET,V-PEFT,neu_vpeft_seed824_e100,9,1.56819,3.10985,1.71157,6.389609999999999,2.0296,3.69056,2.13005,7.850210000000001,0.35145,0.13214,0.13155,0.05748,0.0008860040000000001,0.303062,0.30759400000000003,-0.004532000000000036,87,0.31786,0.30394,CONVERGED_OR_PLATEAU
NEU-DET,V-PEFT,neu_vpeft_seed824_e100,10,1.60404,3.01513,1.77141,6.39058,1.96856,3.63008,2.08736,7.686,0.4107,0.13712,0.15505,0.06574,0.0008823106666666667,0.303062,0.30759400000000003,-0.004532000000000036,87,0.31786,0.30394,CONVERGED_OR_PLATEAU
NEU-DET,V-PEFT,neu_vpeft_seed824_e100,11,1.63107,2.94684,1.75024,6.32815,1.90457,3.63493,2.03577,7.57527,0.56941,0.15084,0.18122,0.08066,0.0008781956666666667,0.303062,0.30759400000000003,-0.004532000000000036,87,0.31786,0.30394,CONVERGED_OR_PLATEAU
NEU-DET,V-PEFT,neu_vpeft_seed824_e100,12,1.5931,2.85681,1.74766,6.19757,1.88582,3.58601,1.99976,7.47159,0.13304,0.31232,0.19911,0.09142,0.0008736623333333334,0.303062,0.30759400000000003,-0.004532000000000036,87,0.31786,0.30394,CONVERGED_OR_PLATEAU
NEU-DET,V-PEFT,neu_vpeft_seed824_e100,13,1.53236,2.71513,1.68178,5.92927,1.86884,3.49325,1.99231,7.3544,0.18515,0.32698,0.223,0.10376,0.0008687151666666666,0.303062,0.30759400000000003,-0.004532000000000036,87,0.31786,0.30394,CONVERGED_OR_PLATEAU
NEU-DET,V-PEFT,neu_vpeft_seed824_e100,14,1.54279,2.57088,1.68213,5.7958,1.95624,3.42345,2.03912,7.418810000000001,0.18623,0.39505,0.23277,0.09977,0.00086336,0.303062,0.30759400000000003,-0.004532000000000036,87,0.31786,0.30394,CONVERGED_OR_PLATEAU
NEU-DET,V-PEFT,neu_vpeft_seed824_e100,15,1.63865,2.77588,1.76964,6.18417,2.06396,3.49679,2.09401,7.65476,0.19971,0.2701,0.1971,0.0832,0.0008576001666666666,0.303062,0.30759400000000003,-0.004532000000000036,87,0.31786,0.30394,CONVERGED_OR_PLATEAU
NEU-DET,V-PEFT,neu_vpeft_seed824_e100,16,1.57117,2.53236,1.70453,5.80806,2.03084,3.50626,2.06467,7.60177,0.19946,0.30789,0.20212,0.07971,0.0008514431666666666,0.303062,0.30759400000000003,-0.004532000000000036,87,0.31786,0.30394,CONVERGED_OR_PLATEAU
NEU-DET,V-PEFT,neu_vpeft_seed824_e100,17,1.52819,2.52915,1.68025,5.73759,1.97812,3.39624,2.03241,7.40677,0.22204,0.41706,0.22462,0.08691,0.0008448948333333334,0.303062,0.30759400000000003,-0.004532000000000036,87,0.31786,0.30394,CONVERGED_OR_PLATEAU
NEU-DET,V-PEFT,neu_vpeft_seed824_e100,18,1.5602,2.52816,1.66551,5.75387,1.95762,3.21259,2.01763,7.18784,0.2956,0.38559,0.31097,0.13483,0.0008379605000000001,0.303062,0.30759400000000003,-0.004532000000000036,87,0.31786,0.30394,CONVERGED_OR_PLATEAU
NEU-DET,V-PEFT,neu_vpeft_seed824_e100,19,1.51507,2.38012,1.64579,5.540979999999999,1.93859,3.01679,1.99973,6.9551099999999995,0.55819,0.40445,0.36875,0.15666,0.0008306478333333332,0.303062,0.30759400000000003,-0.004532000000000036,87,0.31786,0.30394,CONVERGED_OR_PLATEAU
NEU-DET,V-PEFT,neu_vpeft_seed824_e100,20,1.52666,2.37451,1.67599,5.577159999999999,1.85806,2.92367,1.936,6.7177299999999995,0.52254,0.47736,0.39136,0.16951,0.0008229643333333333,0.303062,0.30759400000000003,-0.004532000000000036,87,0.31786,0.30394,CONVERGED_OR_PLATEAU
NEU-DET,V-PEFT,neu_vpeft_seed824_e100,21,1.53849,2.27774,1.65647,5.4727,1.85609,3.03696,1.93529,6.828340000000001,0.54906,0.40991,0.39801,0.17251,0.0008149168333333334,0.303062,0.30759400000000003,-0.004532000000000036,87,0.31786,0.30394,CONVERGED_OR_PLATEAU
NEU-DET,V-PEFT,neu_vpeft_seed824_e100,22,1.56964,2.24473,1.64313,5.4575000000000005,1.84123,3.12202,1.94513,6.90838,0.33916,0.49651,0.39197,0.16897,0.0008065141666666666,0.303062,0.30759400000000003,-0.004532000000000036,87,0.31786,0.30394,CONVERGED_OR_PLATEAU
NEU-DET,V-PEFT,neu_vpeft_seed824_e100,23,1.47114,2.16664,1.56852,5.206300000000001,1.80779,3.03991,1.95209,6.79979,0.44327,0.42469,0.40002,0.17232,0.0007977636666666667,0.303062,0.30759400000000003,-0.004532000000000036,87,0.31786,0.30394,CONVERGED_OR_PLATEAU
NEU-DET,V-PEFT,neu_vpeft_seed824_e100,24,1.51833,2.25667,1.64954,5.42454,1.81456,2.96177,1.95231,6.7286399999999995,0.33616,0.51513,0.40057,0.17715,0.0007886743333333333,0.303062,0.30759400000000003,-0.004532000000000036,87,0.31786,0.30394,CONVERGED_OR_PLATEAU
NEU-DET,V-PEFT,neu_vpeft_seed824_e100,25,1.49207,2.17434,1.63738,5.30379,1.82468,2.8374,1.93075,6.59283,0.35854,0.49756,0.4243,0.19111,0.0007792553333333332,0.303062,0.30759400000000003,-0.004532000000000036,87,0.31786,0.30394,CONVERGED_OR_PLATEAU
NEU-DET,V-PEFT,neu_vpeft_seed824_e100,26,1.46955,2.10156,1.57508,5.14619,1.81116,2.72412,1.92673,6.46201,0.38849,0.48364,0.44084,0.20112,0.0007695161666666667,0.303062,0.30759400000000003,-0.004532000000000036,87,0.31786,0.30394,CONVERGED_OR_PLATEAU
NEU-DET,V-PEFT,neu_vpeft_seed824_e100,27,1.49884,2.10254,1.60288,5.20426,1.78813,2.75568,1.92325,6.46706,0.42232,0.43525,0.43406,0.20272,0.0007594658333333333,0.303062,0.30759400000000003,-0.004532000000000036,87,0.31786,0.30394,CONVERGED_OR_PLATEAU
NEU-DET,V-PEFT,neu_vpeft_seed824_e100,28,1.49856,2.04923,1.56702,5.11481,1.8086,2.67778,1.94232,6.428699999999999,0.39021,0.43654,0.42875,0.19553,0.0007491141666666666,0.303062,0.30759400000000003,-0.004532000000000036,87,0.31786,0.30394,CONVERGED_OR_PLATEAU
NEU-DET,V-PEFT,neu_vpeft_seed824_e100,29,1.43687,2.0719,1.57471,5.08348,1.81874,2.69051,1.93307,6.44232,0.61695,0.44953,0.44395,0.197,0.0007384723333333333,0.303062,0.30759400000000003,-0.004532000000000036,87,0.31786,0.30394,CONVERGED_OR_PLATEAU
NEU-DET,V-PEFT,neu_vpeft_seed824_e100,30,1.40365,1.87694,1.50145,4.78204,1.80335,2.68017,1.90935,6.39287,0.56999,0.47453,0.45861,0.20916,0.00072755,0.303062,0.30759400000000003,-0.004532000000000036,87,0.31786,0.30394,CONVERGED_OR_PLATEAU
NEU-DET,V-PEFT,neu_vpeft_seed824_e100,31,1.46624,2.06033,1.54572,5.07229,1.7741,2.78359,1.87933,6.43702,0.5539,0.49702,0.46714,0.21093,0.0007163585,0.303062,0.30759400000000003,-0.004532000000000036,87,0.31786,0.30394,CONVERGED_OR_PLATEAU
NEU-DET,V-PEFT,neu_vpeft_seed824_e100,32,1.36582,1.90937,1.53363,4.808820000000001,1.74659,2.81906,1.86684,6.43249,0.60815,0.47929,0.46598,0.21204,0.0007049080000000001,0.303062,0.30759400000000003,-0.004532000000000036,87,0.31786,0.30394,CONVERGED_OR_PLATEAU
NEU-DET,V-PEFT,neu_vpeft_seed824_e100,33,1.44084,2.0243,1.57504,5.040179999999999,1.74952,2.75291,1.89239,6.39482,0.56182,0.4911,0.44656,0.21135,0.0006932106666666667,0.303062,0.30759400000000003,-0.004532000000000036,87,0.31786,0.30394,CONVERGED_OR_PLATEAU
NEU-DET,V-PEFT,neu_vpeft_seed824_e100,34,1.43778,1.92117,1.52531,4.88426,1.77052,2.66328,1.93232,6.36612,0.62912,0.44049,0.45885,0.21286,0.0006812783333333333,0.303062,0.30759400000000003,-0.004532000000000036,87,0.31786,0.30394,CONVERGED_OR_PLATEAU
NEU-DET,V-PEFT,neu_vpeft_seed824_e100,35,1.35745,1.9209,1.464,4.74235,1.759,2.49939,1.92297,6.181360000000001,0.69207,0.43629,0.49412,0.23066,0.0006691211666666666,0.303062,0.30759400000000003,-0.004532000000000036,87,0.31786,0.30394,CONVERGED_OR_PLATEAU
NEU-DET,V-PEFT,neu_vpeft_seed824_e100,36,1.37325,1.86772,1.51725,4.75822,1.75099,2.41073,1.92019,6.08191,0.7329,0.43565,0.51668,0.24095,0.0006567526666666667,0.303062,0.30759400000000003,-0.004532000000000036,87,0.31786,0.30394,CONVERGED_OR_PLATEAU
NEU-DET,V-PEFT,neu_vpeft_seed824_e100,37,1.36401,1.82978,1.47282,4.66661,1.73035,2.38626,1.93448,6.051089999999999,0.76352,0.42581,0.53171,0.25285,0.0006441848333333333,0.303062,0.30759400000000003,-0.004532000000000036,87,0.31786,0.30394,CONVERGED_OR_PLATEAU
NEU-DET,V-PEFT,neu_vpeft_seed824_e100,38,1.44923,1.88471,1.54146,4.8754,1.69658,2.3845,1.91388,5.99496,0.62589,0.51518,0.5447,0.26248,0.0006314291666666667,0.303062,0.30759400000000003,-0.004532000000000036,87,0.31786,0.30394,CONVERGED_OR_PLATEAU
NEU-DET,V-PEFT,neu_vpeft_seed824_e100,39,1.34032,1.72575,1.50082,4.56689,1.70708,2.37794,1.89213,5.97715,0.66697,0.48546,0.54954,0.26208,0.0006184996666666666,0.303062,0.30759400000000003,-0.004532000000000036,87,0.31786,0.30394,CONVERGED_OR_PLATEAU
NEU-DET,V-PEFT,neu_vpeft_seed824_e100,40,1.36584,1.79752,1.46643,4.62979,1.72722,2.30235,1.87748,5.90705,0.63162,0.52532,0.55381,0.26751,0.0006054076666666666,0.303062,0.30759400000000003,-0.004532000000000036,87,0.31786,0.30394,CONVERGED_OR_PLATEAU
NEU-DET,V-PEFT,neu_vpeft_seed824_e100,41,1.36662,1.84832,1.49063,4.70557,1.73492,2.2749,1.87773,5.88755,0.6532,0.49774,0.55278,0.26767,0.0005921668333333333,0.303062,0.30759400000000003,-0.004532000000000036,87,0.31786,0.30394,CONVERGED_OR_PLATEAU
NEU-DET,V-PEFT,neu_vpeft_seed824_e100,42,1.30373,1.83379,1.47787,4.6153900000000005,1.71113,2.25883,1.89282,5.862780000000001,0.5409,0.53933,0.5619,0.27005,0.0005787908333333334,0.303062,0.30759400000000003,-0.004532000000000036,87,0.31786,0.30394,CONVERGED_OR_PLATEAU
NEU-DET,V-PEFT,neu_vpeft_seed824_e100,43,1.4121,1.73408,1.51224,4.6584200000000004,1.70829,2.26227,1.90756,5.87812,0.48472,0.57532,0.57459,0.27508,0.000565291,0.303062,0.30759400000000003,-0.004532000000000036,87,0.31786,0.30394,CONVERGED_OR_PLATEAU
NEU-DET,V-PEFT,neu_vpeft_seed824_e100,44,1.41541,1.78044,1.53494,4.73079,1.72446,2.29682,1.90933,5.93061,0.47237,0.57834,0.56924,0.266,0.0005516828333333333,0.303062,0.30759400000000003,-0.004532000000000036,87,0.31786,0.30394,CONVERGED_OR_PLATEAU
NEU-DET,V-PEFT,neu_vpeft_seed824_e100,45,1.33937,1.74209,1.42322,4.50468,1.7689,2.30226,1.93649,6.00765,0.43968,0.57959,0.55628,0.25783,0.0005379785,0.303062,0.30759400000000003,-0.004532000000000036,87,0.31786,0.30394,CONVERGED_OR_PLATEAU
NEU-DET,V-PEFT,neu_vpeft_seed824_e100,46,1.34618,1.73388,1.46365,4.54371,1.77162,2.30143,1.93848,6.0115300000000005,0.44192,0.57969,0.56235,0.26177,0.0005241916666666667,0.303062,0.30759400000000003,-0.004532000000000036,87,0.31786,0.30394,CONVERGED_OR_PLATEAU
NEU-DET,V-PEFT,neu_vpeft_seed824_e100,47,1.25463,1.64211,1.43226,4.329,1.75388,2.26602,1.91319,5.93309,0.75156,0.46592,0.57265,0.27275,0.000510336,0.303062,0.30759400000000003,-0.004532000000000036,87,0.31786,0.30394,CONVERGED_OR_PLATEAU
NEU-DET,V-PEFT,neu_vpeft_seed824_e100,48,1.35261,1.68658,1.43147,4.4706600000000005,1.72486,2.22791,1.87308,5.82585,0.77168,0.44715,0.57722,0.2738,0.0004964255,0.303062,0.30759400000000003,-0.004532000000000036,87,0.31786,0.30394,CONVERGED_OR_PLATEAU
NEU-DET,V-PEFT,neu_vpeft_seed824_e100,49,1.29869,1.82498,1.47374,4.59741,1.72514,2.1807,1.84526,5.751099999999999,0.69565,0.49223,0.58451,0.28257,0.000482473,0.303062,0.30759400000000003,-0.004532000000000036,87,0.31786,0.30394,CONVERGED_OR_PLATEAU
NEU-DET,V-PEFT,neu_vpeft_seed824_e100,50,1.39666,1.7245,1.50942,4.63058,1.7149,2.16379,1.80604,5.68473,0.69044,0.49233,0.57295,0.2807,0.0004684931666666667,0.303062,0.30759400000000003,-0.004532000000000036,87,0.31786,0.30394,CONVERGED_OR_PLATEAU
NEU-DET,V-PEFT,neu_vpeft_seed824_e100,51,1.28299,1.66369,1.44174,4.38842,1.73373,2.13635,1.81439,5.68447,0.66018,0.51864,0.57235,0.27512,0.00045450000000000004,0.303062,0.30759400000000003,-0.004532000000000036,87,0.31786,0.30394,CONVERGED_OR_PLATEAU
NEU-DET,V-PEFT,neu_vpeft_seed824_e100,52,1.33817,1.67926,1.47147,4.4889,1.7436,2.14319,1.81551,5.7023,0.71194,0.48652,0.57786,0.27518,0.00044050683333333334,0.303062,0.30759400000000003,-0.004532000000000036,87,0.31786,0.30394,CONVERGED_OR_PLATEAU
NEU-DET,V-PEFT,neu_vpeft_seed824_e100,53,1.35009,1.72758,1.46037,4.53804,1.75086,2.12844,1.81332,5.69262,0.53782,0.50472,0.56547,0.27376,0.00042652699999999995,0.303062,0.30759400000000003,-0.004532000000000036,87,0.31786,0.30394,CONVERGED_OR_PLATEAU
NEU-DET,V-PEFT,neu_vpeft_seed824_e100,54,1.27754,1.67511,1.39961,4.35226,1.7562,2.10868,1.8214,5.68628,0.54849,0.55593,0.57412,0.27165,0.0004125745,0.303062,0.30759400000000003,-0.004532000000000036,87,0.31786,0.30394,CONVERGED_OR_PLATEAU
NEU-DET,V-PEFT,neu_vpeft_seed824_e100,55,1.3953,1.71307,1.45821,4.56658,1.72099,2.11226,1.80969,5.64294,0.53882,0.58988,0.58156,0.28037,0.000398664,0.303062,0.30759400000000003,-0.004532000000000036,87,0.31786,0.30394,CONVERGED_OR_PLATEAU
NEU-DET,V-PEFT,neu_vpeft_seed824_e100,56,1.25285,1.65809,1.38666,4.2976,1.70649,2.1098,1.81919,5.63548,0.57193,0.59868,0.60211,0.28791,0.0003848083333333333,0.303062,0.30759400000000003,-0.004532000000000036,87,0.31786,0.30394,CONVERGED_OR_PLATEAU
NEU-DET,V-PEFT,neu_vpeft_seed824_e100,57,1.2815,1.5981,1.43373,4.31333,1.68476,2.10076,1.82522,5.61074,0.54421,0.57468,0.59843,0.289,0.0003710215,0.303062,0.30759400000000003,-0.004532000000000036,87,0.31786,0.30394,CONVERGED_OR_PLATEAU
NEU-DET,V-PEFT,neu_vpeft_seed824_e100,58,1.36008,1.65679,1.50134,4.51821,1.68151,2.09451,1.82887,5.60489,0.51718,0.58379,0.59899,0.28962,0.00035731716666666664,0.303062,0.30759400000000003,-0.004532000000000036,87,0.31786,0.30394,CONVERGED_OR_PLATEAU
NEU-DET,V-PEFT,neu_vpeft_seed824_e100,59,1.32124,1.70079,1.44675,4.46878,1.68989,2.1082,1.84114,5.63923,0.48501,0.61247,0.59722,0.28778,0.000343709,0.303062,0.30759400000000003,-0.004532000000000036,87,0.31786,0.30394,CONVERGED_OR_PLATEAU
NEU-DET,V-PEFT,neu_vpeft_seed824_e100,60,1.24119,1.59474,1.39863,4.23456,1.69899,2.09031,1.85269,5.64199,0.49283,0.61587,0.60634,0.28997,0.00033020916666666667,0.303062,0.30759400000000003,-0.004532000000000036,87,0.31786,0.30394,CONVERGED_OR_PLATEAU
NEU-DET,V-PEFT,neu_vpeft_seed824_e100,61,1.28808,1.62059,1.44376,4.35243,1.69425,2.06178,1.85526,5.61129,0.51737,0.60762,0.60749,0.29369,0.00031683316666666667,0.303062,0.30759400000000003,-0.004532000000000036,87,0.31786,0.30394,CONVERGED_OR_PLATEAU
NEU-DET,V-PEFT,neu_vpeft_seed824_e100,62,1.34622,1.69142,1.44694,4.484579999999999,1.68753,2.05707,1.84677,5.59137,0.53593,0.5948,0.61106,0.29947,0.0003035923333333333,0.303062,0.30759400000000003,-0.004532000000000036,87,0.31786,0.30394,CONVERGED_OR_PLATEAU
NEU-DET,V-PEFT,neu_vpeft_seed824_e100,63,1.29536,1.63558,1.42885,4.35979,1.66721,2.03656,1.82913,5.532900000000001,0.60313,0.593,0.6137,0.30686,0.00029050033333333333,0.303062,0.30759400000000003,-0.004532000000000036,87,0.31786,0.30394,CONVERGED_OR_PLATEAU
NEU-DET,V-PEFT,neu_vpeft_seed824_e100,64,1.21936,1.52817,1.35501,4.10254,1.6582,2.00747,1.81704,5.48271,0.57706,0.61457,0.61653,0.30887,0.0002775708333333333,0.303062,0.30759400000000003,-0.004532000000000036,87,0.31786,0.30394,CONVERGED_OR_PLATEAU
NEU-DET,V-PEFT,neu_vpeft_seed824_e100,65,1.37027,1.79142,1.45085,4.61254,1.66292,1.9987,1.81556,5.477180000000001,0.56803,0.61153,0.61153,0.30851,0.0002648151666666667,0.303062,0.30759400000000003,-0.004532000000000036,87,0.31786,0.30394,CONVERGED_OR_PLATEAU
NEU-DET,V-PEFT,neu_vpeft_seed824_e100,66,1.21588,1.55646,1.37331,4.14565,1.65886,1.98772,1.80738,5.45396,0.56242,0.6289,0.61093,0.308,0.00025224733333333336,0.303062,0.30759400000000003,-0.004532000000000036,87,0.31786,0.30394,CONVERGED_OR_PLATEAU
NEU-DET,V-PEFT,neu_vpeft_seed824_e100,67,1.26214,1.55031,1.41075,4.2232,1.65679,1.98871,1.79628,5.4417800000000005,0.56203,0.59975,0.61066,0.30824,0.00023987883333333334,0.303062,0.30759400000000003,-0.004532000000000036,87,0.31786,0.30394,CONVERGED_OR_PLATEAU
NEU-DET,V-PEFT,neu_vpeft_seed824_e100,68,1.30168,1.65983,1.46829,4.4298,1.65191,1.98979,1.79618,5.43788,0.58176,0.58774,0.6135,0.30655,0.00022772166666666668,0.303062,0.30759400000000003,-0.004532000000000036,87,0.31786,0.30394,CONVERGED_OR_PLATEAU
NEU-DET,V-PEFT,neu_vpeft_seed824_e100,69,1.22891,1.65309,1.43901,4.321009999999999,1.65062,1.99234,1.79639,5.43935,0.61539,0.59808,0.62894,0.31422,0.00021578933333333335,0.303062,0.30759400000000003,-0.004532000000000036,87,0.31786,0.30394,CONVERGED_OR_PLATEAU
NEU-DET,V-PEFT,neu_vpeft_seed824_e100,70,1.2738,1.5907,1.42175,4.28625,1.63538,1.99541,1.78449,5.41528,0.63876,0.59834,0.6381,0.31453,0.000204092,0.303062,0.30759400000000003,-0.004532000000000036,87,0.31786,0.30394,CONVERGED_OR_PLATEAU
NEU-DET,V-PEFT,neu_vpeft_seed824_e100,71,1.1875,1.57552,1.3673,4.13032,1.62645,2.00839,1.7798,5.4146399999999995,0.61177,0.60045,0.63729,0.31593,0.0001926415,0.303062,0.30759400000000003,-0.004532000000000036,87,0.31786,0.30394,CONVERGED_OR_PLATEAU
NEU-DET,V-PEFT,neu_vpeft_seed824_e100,72,1.17088,1.54168,1.39017,4.102729999999999,1.6255,1.99805,1.78393,5.40748,0.60055,0.60278,0.64846,0.31601,0.00018145,0.303062,0.30759400000000003,-0.004532000000000036,87,0.31786,0.30394,CONVERGED_OR_PLATEAU
NEU-DET,V-PEFT,neu_vpeft_seed824_e100,73,1.17652,1.4625,1.37686,4.01588,1.61733,1.99385,1.78689,5.398070000000001,0.59253,0.6197,0.64702,0.31414,0.00017052760000000003,0.303062,0.30759400000000003,-0.004532000000000036,87,0.31786,0.30394,CONVERGED_OR_PLATEAU
NEU-DET,V-PEFT,neu_vpeft_seed824_e100,74,1.17819,1.47224,1.34244,3.99287,1.62733,1.99149,1.79505,5.41387,0.59766,0.61855,0.64765,0.31329,0.00015988588333333334,0.303062,0.30759400000000003,-0.004532000000000036,87,0.31786,0.30394,CONVERGED_OR_PLATEAU
NEU-DET,V-PEFT,neu_vpeft_seed824_e100,75,1.24491,1.53383,1.39191,4.17065,1.62808,1.98512,1.78472,5.39792,0.55808,0.61722,0.63711,0.31447,0.0001495341,0.303062,0.30759400000000003,-0.004532000000000036,87,0.31786,0.30394,CONVERGED_OR_PLATEAU
NEU-DET,V-PEFT,neu_vpeft_seed824_e100,76,1.14447,1.4234,1.3447,3.91257,1.63115,1.98897,1.77978,5.3999,0.54045,0.62418,0.62798,0.31204,0.00013948385,0.303062,0.30759400000000003,-0.004532000000000036,87,0.31786,0.30394,CONVERGED_OR_PLATEAU
NEU-DET,V-PEFT,neu_vpeft_seed824_e100,77,1.29791,1.6122,1.43671,4.34682,1.6385,1.99079,1.78554,5.41483,0.56973,0.59391,0.62628,0.31004,0.00012974471666666665,0.303062,0.30759400000000003,-0.004532000000000036,87,0.31786,0.30394,CONVERGED_OR_PLATEAU
NEU-DET,V-PEFT,neu_vpeft_seed824_e100,78,1.26874,1.49758,1.41325,4.17957,1.65,1.97623,1.79745,5.423679999999999,0.57339,0.59384,0.63341,0.31137,0.00012032558333333332,0.303062,0.30759400000000003,-0.004532000000000036,87,0.31786,0.30394,CONVERGED_OR_PLATEAU
NEU-DET,V-PEFT,neu_vpeft_seed824_e100,79,1.20252,1.51175,1.39918,4.11345,1.65152,1.97685,1.79155,5.41992,0.57749,0.59187,0.63527,0.31315,0.00011123633333333332,0.303062,0.30759400000000003,-0.004532000000000036,87,0.31786,0.30394,CONVERGED_OR_PLATEAU
NEU-DET,V-PEFT,neu_vpeft_seed824_e100,80,1.25407,1.4874,1.38593,4.1274,1.63716,1.96995,1.77963,5.38674,0.56025,0.63094,0.64937,0.31314,0.00010248576666666667,0.303062,0.30759400000000003,-0.004532000000000036,87,0.31786,0.30394,CONVERGED_OR_PLATEAU
NEU-DET,V-PEFT,neu_vpeft_seed824_e100,81,1.28584,1.58851,1.44831,4.32266,1.6317,1.96722,1.77553,5.3744499999999995,0.55161,0.62122,0.64614,0.31299,9.408320000000001e-05,0.303062,0.30759400000000003,-0.004532000000000036,87,0.31786,0.30394,CONVERGED_OR_PLATEAU
NEU-DET,V-PEFT,neu_vpeft_seed824_e100,82,1.21561,1.4564,1.34894,4.02095,1.62863,1.96097,1.78222,5.37182,0.55929,0.62472,0.65239,0.31497,8.603560000000001e-05,0.303062,0.30759400000000003,-0.004532000000000036,87,0.31786,0.30394,CONVERGED_OR_PLATEAU
NEU-DET,V-PEFT,neu_vpeft_seed824_e100,83,1.23734,1.52089,1.41275,4.17098,1.62676,1.95945,1.78122,5.36743,0.5786,0.62555,0.65152,0.31418,7.835191666666667e-05,0.303062,0.30759400000000003,-0.004532000000000036,87,0.31786,0.30394,CONVERGED_OR_PLATEAU
NEU-DET,V-PEFT,neu_vpeft_seed824_e100,84,1.31309,1.56522,1.43604,4.31435,1.62498,1.94907,1.7756,5.3496500000000005,0.58077,0.63739,0.65958,0.31725,7.103941666666667e-05,0.303062,0.30759400000000003,-0.004532000000000036,87,0.31786,0.30394,CONVERGED_OR_PLATEAU
NEU-DET,V-PEFT,neu_vpeft_seed824_e100,85,1.21311,1.47278,1.37883,4.0647199999999994,1.62644,1.94695,1.77314,5.34653,0.55268,0.63901,0.65084,0.31603,6.410538333333333e-05,0.303062,0.30759400000000003,-0.004532000000000036,87,0.31786,0.30394,CONVERGED_OR_PLATEAU
NEU-DET,V-PEFT,neu_vpeft_seed824_e100,86,1.18519,1.58237,1.38446,4.15202,1.628,1.95238,1.76789,5.348269999999999,0.54407,0.65136,0.64829,0.31591,5.755661666666666e-05,0.303062,0.30759400000000003,-0.004532000000000036,87,0.31786,0.30394,CONVERGED_OR_PLATEAU
NEU-DET,V-PEFT,neu_vpeft_seed824_e100,87,1.21065,1.5688,1.39519,4.17464,1.62646,1.96181,1.77034,5.3586100000000005,0.54242,0.65168,0.64447,0.31786,5.139953333333334e-05,0.303062,0.30759400000000003,-0.004532000000000036,87,0.31786,0.30394,CONVERGED_OR_PLATEAU
NEU-DET,V-PEFT,neu_vpeft_seed824_e100,88,1.26733,1.49413,1.39017,4.15163,1.63023,1.94865,1.77852,5.3574,0.54663,0.64265,0.64998,0.31435,4.564033333333333e-05,0.303062,0.30759400000000003,-0.004532000000000036,87,0.31786,0.30394,CONVERGED_OR_PLATEAU
NEU-DET,V-PEFT,neu_vpeft_seed824_e100,89,1.31723,1.57023,1.45851,4.3459699999999994,1.63299,1.94375,1.78899,5.36573,0.6102,0.60083,0.65237,0.31431,4.028455e-05,0.303062,0.30759400000000003,-0.004532000000000036,87,0.31786,0.30394,CONVERGED_OR_PLATEAU
NEU-DET,V-PEFT,neu_vpeft_seed824_e100,90,1.27173,1.58446,1.40314,4.25933,1.62986,1.93291,1.78309,5.34586,0.60968,0.59805,0.65424,0.31471,3.53376e-05,0.303062,0.30759400000000003,-0.004532000000000036,87,0.31786,0.30394,CONVERGED_OR_PLATEAU
NEU-DET,V-PEFT,neu_vpeft_seed824_e100,91,1.48737,1.95269,1.62276,5.06282,1.64401,1.94232,1.78394,5.3702700000000005,0.54095,0.66051,0.64092,0.31524,3.08043e-05,0.303062,0.30759400000000003,-0.004532000000000036,87,0.31786,0.30394,CONVERGED_OR_PLATEAU
NEU-DET,V-PEFT,neu_vpeft_seed824_e100,92,1.3718,1.96105,1.53452,4.867369999999999,1.65087,1.97111,1.78647,5.40845,0.55631,0.63477,0.63059,0.30774,2.668915e-05,0.303062,0.30759400000000003,-0.004532000000000036,87,0.31786,0.30394,CONVERGED_OR_PLATEAU
NEU-DET,V-PEFT,neu_vpeft_seed824_e100,93,1.3409,1.84237,1.55256,4.73583,1.66097,1.99642,1.78761,5.445,0.58689,0.61527,0.629,0.30461,2.2996183333333332e-05,0.303062,0.30759400000000003,-0.004532000000000036,87,0.31786,0.30394,CONVERGED_OR_PLATEAU
NEU-DET,V-PEFT,neu_vpeft_seed824_e100,94,1.25494,1.70954,1.43402,4.3985,1.66652,1.99549,1.7908,5.4528099999999995,0.53954,0.63354,0.62706,0.30522,1.9729083333333334e-05,0.303062,0.30759400000000003,-0.004532000000000036,87,0.31786,0.30394,CONVERGED_OR_PLATEAU
NEU-DET,V-PEFT,neu_vpeft_seed824_e100,95,1.36066,1.83387,1.5206,4.71513,1.67745,1.99818,1.79968,5.47531,0.52955,0.63058,0.61848,0.30516,1.6891018333333334e-05,0.303062,0.30759400000000003,-0.004532000000000036,87,0.31786,0.30394,CONVERGED_OR_PLATEAU
NEU-DET,V-PEFT,neu_vpeft_seed824_e100,96,1.3094,1.86193,1.51494,4.68627,1.67774,2.00275,1.80348,5.483969999999999,0.56644,0.61084,0.61819,0.30306,1.4484856666666667e-05,0.303062,0.30759400000000003,-0.004532000000000036,87,0.31786,0.30394,CONVERGED_OR_PLATEAU
NEU-DET,V-PEFT,neu_vpeft_seed824_e100,97,1.22808,1.70161,1.44676,4.37645,1.67443,2.01177,1.80328,5.48948,0.51738,0.63686,0.61991,0.30235,1.2512884999999999e-05,0.303062,0.30759400000000003,-0.004532000000000036,87,0.31786,0.30394,CONVERGED_OR_PLATEAU
NEU-DET,V-PEFT,neu_vpeft_seed824_e100,98,1.23616,1.84472,1.43473,4.51561,1.66782,2.03127,1.79551,5.4946,0.5653,0.61244,0.61922,0.30204,1.0977118333333333e-05,0.303062,0.30759400000000003,-0.004532000000000036,87,0.31786,0.30394,CONVERGED_OR_PLATEAU
NEU-DET,V-PEFT,neu_vpeft_seed824_e100,99,1.27135,1.86402,1.49629,4.63166,1.66317,2.02403,1.79919,5.48639,0.50528,0.64651,0.62185,0.30392,9.879111666666666e-06,0.303062,0.30759400000000003,-0.004532000000000036,87,0.31786,0.30394,CONVERGED_OR_PLATEAU
NEU-DET,V-PEFT,neu_vpeft_seed824_e100,100,1.32964,1.7996,1.49961,4.62885,1.66114,2.0304,1.79382,5.48536,0.54939,0.61021,0.62158,0.30394,9.21986e-06,0.303062,0.30759400000000003,-0.004532000000000036,87,0.31786,0.30394,CONVERGED_OR_PLATEAU
DeepPCB,Full-SFT,deeppcb_full_seed824_e100,1,3.6333,4.89734,2.15136,10.682,3.20435,4.84515,1.92207,9.97157,0.00054,0.0184,2e-05,1e-05,0.000132,0.55578,0.588734,-0.03295399999999993,75,0.63496,0.54763,CONVERGED_OR_PLATEAU
DeepPCB,Full-SFT,deeppcb_full_seed824_e100,2,2.50024,4.46928,1.4983,8.46782,1.91851,4.40242,1.21376,7.53469,0.0067,0.13289,0.00272,0.00072,0.00027493280000000003,0.55578,0.588734,-0.03295399999999993,75,0.63496,0.54763,CONVERGED_OR_PLATEAU
DeepPCB,Full-SFT,deeppcb_full_seed824_e100,3,2.06738,4.08525,1.30194,7.45457,1.71567,4.32869,1.12034,7.1647,0.01569,0.29613,0.01285,0.00338,0.0004175918,0.55578,0.588734,-0.03295399999999993,75,0.63496,0.54763,CONVERGED_OR_PLATEAU
DeepPCB,Full-SFT,deeppcb_full_seed824_e100,4,1.9427,3.72801,1.19588,6.8665899999999995,1.59378,4.14103,1.05784,6.792649999999999,0.01575,0.42775,0.03459,0.01472,0.000559768,0.55578,0.588734,-0.03295399999999993,75,0.63496,0.54763,CONVERGED_OR_PLATEAU
DeepPCB,Full-SFT,deeppcb_full_seed824_e100,5,1.89999,3.33675,1.14686,6.3836,1.57879,3.96269,1.11597,6.65745,0.27149,0.14695,0.06492,0.02281,0.0007012514,0.55578,0.588734,-0.03295399999999993,75,0.63496,0.54763,CONVERGED_OR_PLATEAU
DeepPCB,Full-SFT,deeppcb_full_seed824_e100,6,1.87379,3.06117,1.17901,6.11397,1.79404,3.87185,1.13862,6.8045100000000005,0.60485,0.05175,0.09362,0.03479,0.000841837,0.55578,0.588734,-0.03295399999999993,75,0.63496,0.54763,CONVERGED_OR_PLATEAU
DeepPCB,Full-SFT,deeppcb_full_seed824_e100,7,1.84121,2.9236,1.13597,5.900779999999999,1.60006,3.43088,1.09405,6.12499,0.44172,0.1116,0.13738,0.06035,0.0009813202,0.55578,0.588734,-0.03295399999999993,75,0.63496,0.54763,CONVERGED_OR_PLATEAU
DeepPCB,Full-SFT,deeppcb_full_seed824_e100,8,1.81992,2.80145,1.1538,5.775169999999999,1.63825,3.13916,1.13886,5.91627,0.14875,0.29992,0.1588,0.07003,0.0010868872,0.55578,0.588734,-0.03295399999999993,75,0.63496,0.54763,CONVERGED_OR_PLATEAU
DeepPCB,Full-SFT,deeppcb_full_seed824_e100,9,1.70703,2.50622,1.14002,5.35327,1.59968,2.84965,1.13931,5.58864,0.32006,0.41875,0.2548,0.12622,0.0010828942000000001,0.55578,0.588734,-0.03295399999999993,75,0.63496,0.54763,CONVERGED_OR_PLATEAU
DeepPCB,Full-SFT,deeppcb_full_seed824_e100,10,1.6968,2.43156,1.13451,5.26287,1.62859,2.65522,1.17892,5.46273,0.37398,0.52551,0.35184,0.18565,0.0010783796000000002,0.55578,0.588734,-0.03295399999999993,75,0.63496,0.54763,CONVERGED_OR_PLATEAU
DeepPCB,Full-SFT,deeppcb_full_seed824_e100,11,1.64359,2.25772,1.13464,5.03595,1.56318,2.66242,1.10913,5.33473,0.32931,0.48588,0.30476,0.14511,0.001073351,0.55578,0.588734,-0.03295399999999993,75,0.63496,0.54763,CONVERGED_OR_PLATEAU
DeepPCB,Full-SFT,deeppcb_full_seed824_e100,12,1.57296,2.19012,1.09125,4.854329999999999,1.90873,2.84113,1.21844,5.9683,0.24166,0.28897,0.19371,0.07717,0.0010678092,0.55578,0.588734,-0.03295399999999993,75,0.63496,0.54763,CONVERGED_OR_PLATEAU
DeepPCB,Full-SFT,deeppcb_full_seed824_e100,13,1.51074,2.13719,1.09745,4.74538,1.93045,2.56016,1.27426,5.76487,0.3254,0.42581,0.28451,0.10406,0.0010617634,0.55578,0.588734,-0.03295399999999993,75,0.63496,0.54763,CONVERGED_OR_PLATEAU
DeepPCB,Full-SFT,deeppcb_full_seed824_e100,14,1.61991,2.06879,1.11777,4.80647,2.58266,3.33838,1.52186,7.4429,0.12892,0.1284,0.05956,0.01271,0.0010552182,0.55578,0.588734,-0.03295399999999993,75,0.63496,0.54763,CONVERGED_OR_PLATEAU
DeepPCB,Full-SFT,deeppcb_full_seed824_e100,15,1.60982,2.12067,1.14803,4.87852,2.43857,2.96435,1.49032,6.8932400000000005,0.26797,0.30921,0.20288,0.05767,0.0010481784,0.55578,0.588734,-0.03295399999999993,75,0.63496,0.54763,CONVERGED_OR_PLATEAU
DeepPCB,Full-SFT,deeppcb_full_seed824_e100,16,1.66065,2.08925,1.11492,4.86482,3.08798,3.84359,1.77923,8.710799999999999,0.06954,0.06713,0.02267,0.00583,0.0010406536,0.55578,0.588734,-0.03295399999999993,75,0.63496,0.54763,CONVERGED_OR_PLATEAU
DeepPCB,Full-SFT,deeppcb_full_seed824_e100,17,1.58216,2.07483,1.11333,4.77032,2.27064,2.98525,1.45408,6.709970000000001,0.38661,0.42103,0.33093,0.08859,0.0010326484,0.55578,0.588734,-0.03295399999999993,75,0.63496,0.54763,CONVERGED_OR_PLATEAU
DeepPCB,Full-SFT,deeppcb_full_seed824_e100,18,1.49676,1.91301,1.06743,4.4772,1.98318,2.43508,1.30514,5.7234,0.47323,0.49265,0.43052,0.15346,0.0010241730000000002,0.55578,0.588734,-0.03295399999999993,75,0.63496,0.54763,CONVERGED_OR_PLATEAU
DeepPCB,Full-SFT,deeppcb_full_seed824_e100,19,1.52386,1.90171,1.05954,4.48511,2.61411,3.04821,1.53716,7.19948,0.23369,0.18161,0.12072,0.02688,0.0010152353999999999,0.55578,0.588734,-0.03295399999999993,75,0.63496,0.54763,CONVERGED_OR_PLATEAU
DeepPCB,Full-SFT,deeppcb_full_seed824_e100,20,1.48651,1.95186,1.06509,4.5034600000000005,2.2905,2.88197,1.39716,6.56963,0.32854,0.34341,0.24772,0.06541,0.0010058454,0.55578,0.588734,-0.03295399999999993,75,0.63496,0.54763,CONVERGED_OR_PLATEAU
DeepPCB,Full-SFT,deeppcb_full_seed824_e100,21,1.42038,1.82332,1.04836,4.29206,2.02377,2.25123,1.3126,5.5876,0.51714,0.51932,0.48025,0.16413,0.0009960102,0.55578,0.588734,-0.03295399999999993,75,0.63496,0.54763,CONVERGED_OR_PLATEAU
DeepPCB,Full-SFT,deeppcb_full_seed824_e100,22,1.39041,1.7525,1.04135,4.18426,1.54661,1.83251,1.14262,4.52174,0.59042,0.64728,0.62959,0.30562,0.0009857388,0.55578,0.588734,-0.03295399999999993,75,0.63496,0.54763,CONVERGED_OR_PLATEAU
DeepPCB,Full-SFT,deeppcb_full_seed824_e100,23,1.44798,1.69534,1.05597,4.19929,1.55393,1.85894,1.13378,4.54665,0.61357,0.58601,0.62674,0.28919,0.0009750448,0.55578,0.588734,-0.03295399999999993,75,0.63496,0.54763,CONVERGED_OR_PLATEAU
DeepPCB,Full-SFT,deeppcb_full_seed824_e100,24,1.38392,1.71685,1.07492,4.1756899999999995,1.32753,1.63877,1.07234,4.038640000000001,0.65928,0.66127,0.70116,0.41331,0.0009639353999999999,0.55578,0.588734,-0.03295399999999993,75,0.63496,0.54763,CONVERGED_OR_PLATEAU
DeepPCB,Full-SFT,deeppcb_full_seed824_e100,25,1.56804,1.6471,1.09242,4.30756,1.82914,1.88726,1.22099,4.937390000000001,0.64053,0.60301,0.61953,0.23554,0.0009524233999999999,0.55578,0.588734,-0.03295399999999993,75,0.63496,0.54763,CONVERGED_OR_PLATEAU
DeepPCB,Full-SFT,deeppcb_full_seed824_e100,26,1.48263,1.65386,1.05919,4.19568,1.58072,1.77906,1.12384,4.48362,0.67713,0.59611,0.65721,0.30048,0.0009405205999999999,0.55578,0.588734,-0.03295399999999993,75,0.63496,0.54763,CONVERGED_OR_PLATEAU
DeepPCB,Full-SFT,deeppcb_full_seed824_e100,27,1.42053,1.62511,1.07265,4.11829,1.21505,1.57769,1.03759,3.83033,0.64913,0.66193,0.70776,0.43601,0.0009282356,0.55578,0.588734,-0.03295399999999993,75,0.63496,0.54763,CONVERGED_OR_PLATEAU
DeepPCB,Full-SFT,deeppcb_full_seed824_e100,28,1.40937,1.60223,1.06147,4.0730699999999995,1.43803,1.59968,1.09904,4.136749999999999,0.7234,0.64928,0.7316,0.40194,0.0009155844,0.55578,0.588734,-0.03295399999999993,75,0.63496,0.54763,CONVERGED_OR_PLATEAU
DeepPCB,Full-SFT,deeppcb_full_seed824_e100,29,1.3992,1.56232,1.05173,4.01325,1.39206,1.60679,1.08944,4.08829,0.68281,0.66413,0.73742,0.40053,0.0009025774,0.55578,0.588734,-0.03295399999999993,75,0.63496,0.54763,CONVERGED_OR_PLATEAU
DeepPCB,Full-SFT,deeppcb_full_seed824_e100,30,1.35841,1.52805,1.04754,3.9339999999999993,1.13596,1.4512,1.03457,3.62173,0.73483,0.68552,0.74994,0.50173,0.0008892282,0.55578,0.588734,-0.03295399999999993,75,0.63496,0.54763,CONVERGED_OR_PLATEAU
DeepPCB,Full-SFT,deeppcb_full_seed824_e100,31,1.3377,1.4601,1.04126,3.83906,1.26515,1.46288,1.06773,3.79576,0.78163,0.67375,0.76449,0.45982,0.0008755498,0.55578,0.588734,-0.03295399999999993,75,0.63496,0.54763,CONVERGED_OR_PLATEAU
DeepPCB,Full-SFT,deeppcb_full_seed824_e100,32,1.24883,1.39826,1.01118,3.6582700000000004,1.70579,1.60634,1.19449,4.50662,0.76247,0.65216,0.72642,0.30782,0.0008615538000000001,0.55578,0.588734,-0.03295399999999993,75,0.63496,0.54763,CONVERGED_OR_PLATEAU
DeepPCB,Full-SFT,deeppcb_full_seed824_e100,33,1.27626,1.41054,1.00592,3.6927199999999996,1.57525,1.54593,1.1387,4.25988,0.74233,0.67874,0.76189,0.3616,0.0008472578,0.55578,0.588734,-0.03295399999999993,75,0.63496,0.54763,CONVERGED_OR_PLATEAU
DeepPCB,Full-SFT,deeppcb_full_seed824_e100,34,1.31146,1.39891,1.01514,3.72551,1.27594,1.39103,1.05254,3.71951,0.74369,0.7252,0.78885,0.47564,0.0008326732,0.55578,0.588734,-0.03295399999999993,75,0.63496,0.54763,CONVERGED_OR_PLATEAU
DeepPCB,Full-SFT,deeppcb_full_seed824_e100,35,1.3142,1.36606,1.01594,3.6962,1.73973,1.54607,1.20595,4.49175,0.75217,0.68223,0.7385,0.315,0.0008178155999999999,0.55578,0.588734,-0.03295399999999993,75,0.63496,0.54763,CONVERGED_OR_PLATEAU
DeepPCB,Full-SFT,deeppcb_full_seed824_e100,36,1.39979,1.3664,1.05671,3.8228999999999997,1.32449,1.4221,1.06673,3.81332,0.7746,0.71869,0.79487,0.462,0.0008026976,0.55578,0.588734,-0.03295399999999993,75,0.63496,0.54763,CONVERGED_OR_PLATEAU
DeepPCB,Full-SFT,deeppcb_full_seed824_e100,37,1.33234,1.30337,1.0133,3.64901,1.27681,1.46951,1.04498,3.7912999999999997,0.73779,0.70573,0.77392,0.47535,0.0007873366,0.55578,0.588734,-0.03295399999999993,75,0.63496,0.54763,CONVERGED_OR_PLATEAU
DeepPCB,Full-SFT,deeppcb_full_seed824_e100,38,1.24953,1.2886,1.00187,3.54,1.34798,1.46072,1.06521,3.87391,0.78665,0.68492,0.77467,0.43863,0.0007717475999999999,0.55578,0.588734,-0.03295399999999993,75,0.63496,0.54763,CONVERGED_OR_PLATEAU
DeepPCB,Full-SFT,deeppcb_full_seed824_e100,39,1.315,1.31159,1.00501,3.6316,1.3747,1.37583,1.08609,3.8366200000000004,0.79653,0.71041,0.80526,0.46119,0.0007559434,0.55578,0.588734,-0.03295399999999993,75,0.63496,0.54763,CONVERGED_OR_PLATEAU
DeepPCB,Full-SFT,deeppcb_full_seed824_e100,40,1.25986,1.23064,1.01566,3.50616,1.35713,1.31382,1.09861,3.7695600000000002,0.77951,0.71889,0.81068,0.48687,0.0007399425999999999,0.55578,0.588734,-0.03295399999999993,75,0.63496,0.54763,CONVERGED_OR_PLATEAU
DeepPCB,Full-SFT,deeppcb_full_seed824_e100,41,1.32246,1.21513,0.99811,3.5357,1.16154,1.2114,1.02397,3.39691,0.79502,0.76011,0.84769,0.55875,0.0007237602,0.55578,0.588734,-0.03295399999999993,75,0.63496,0.54763,CONVERGED_OR_PLATEAU
DeepPCB,Full-SFT,deeppcb_full_seed824_e100,42,1.36787,1.23633,1.02349,3.6276899999999994,1.56864,1.33755,1.12878,4.0349699999999995,0.84099,0.74605,0.84135,0.41435,0.0007074106,0.55578,0.588734,-0.03295399999999993,75,0.63496,0.54763,CONVERGED_OR_PLATEAU
DeepPCB,Full-SFT,deeppcb_full_seed824_e100,43,1.33134,1.26656,1.04522,3.64312,1.17455,1.22092,1.02317,3.41864,0.82958,0.77124,0.85129,0.55194,0.0006909108,0.55578,0.588734,-0.03295399999999993,75,0.63496,0.54763,CONVERGED_OR_PLATEAU
DeepPCB,Full-SFT,deeppcb_full_seed824_e100,44,1.28444,1.24505,1.02855,3.55804,1.23673,1.1888,1.04357,3.4691,0.82596,0.76755,0.85946,0.53238,0.0006742785999999999,0.55578,0.588734,-0.03295399999999993,75,0.63496,0.54763,CONVERGED_OR_PLATEAU
DeepPCB,Full-SFT,deeppcb_full_seed824_e100,45,1.40935,1.18262,1.02629,3.61826,1.60811,1.35656,1.1367,4.10137,0.77933,0.73899,0.80363,0.38513,0.0006575298000000001,0.55578,0.588734,-0.03295399999999993,75,0.63496,0.54763,CONVERGED_OR_PLATEAU
DeepPCB,Full-SFT,deeppcb_full_seed824_e100,46,1.2472,1.22052,0.98574,3.4534599999999998,1.80617,1.44549,1.19484,4.4465,0.79573,0.73648,0.80527,0.32103,0.0006406786,0.55578,0.588734,-0.03295399999999993,75,0.63496,0.54763,CONVERGED_OR_PLATEAU
DeepPCB,Full-SFT,deeppcb_full_seed824_e100,47,1.33255,1.27212,1.01989,3.62456,1.23643,1.20681,1.02164,3.46488,0.85642,0.77127,0.86632,0.53091,0.0006237440000000001,0.55578,0.588734,-0.03295399999999993,75,0.63496,0.54763,CONVERGED_OR_PLATEAU
DeepPCB,Full-SFT,deeppcb_full_seed824_e100,48,1.19231,1.10379,0.98325,3.27935,1.19391,1.19058,1.00944,3.39393,0.84549,0.8008,0.87348,0.55119,0.0006067428,0.55578,0.588734,-0.03295399999999993,75,0.63496,0.54763,CONVERGED_OR_PLATEAU
DeepPCB,Full-SFT,deeppcb_full_seed824_e100,49,1.06759,1.09217,0.94679,3.1065500000000004,1.18962,1.13375,1.01601,3.33938,0.85619,0.81574,0.88347,0.56258,0.0005896887999999999,0.55578,0.588734,-0.03295399999999993,75,0.63496,0.54763,CONVERGED_OR_PLATEAU
DeepPCB,Full-SFT,deeppcb_full_seed824_e100,50,1.12577,1.04655,0.97527,3.14759,1.13454,1.08667,1.01225,3.23346,0.86167,0.79258,0.88954,0.58947,0.0005726036000000001,0.55578,0.588734,-0.03295399999999993,75,0.63496,0.54763,CONVERGED_OR_PLATEAU
DeepPCB,Full-SFT,deeppcb_full_seed824_e100,51,1.12164,1.06723,0.97325,3.16212,1.1682,1.12144,1.02481,3.31445,0.86938,0.77613,0.88908,0.57354,0.0005555,0.55578,0.588734,-0.03295399999999993,75,0.63496,0.54763,CONVERGED_OR_PLATEAU
DeepPCB,Full-SFT,deeppcb_full_seed824_e100,52,1.18123,1.06844,0.99418,3.24385,1.33237,1.16296,1.06794,3.56327,0.86089,0.78717,0.88181,0.50715,0.000538397,0.55578,0.588734,-0.03295399999999993,75,0.63496,0.54763,CONVERGED_OR_PLATEAU
DeepPCB,Full-SFT,deeppcb_full_seed824_e100,53,1.22855,1.10838,1.01571,3.3526399999999996,1.31458,1.16013,1.06023,3.5349399999999997,0.87783,0.78824,0.87787,0.50716,0.0005213106000000001,0.55578,0.588734,-0.03295399999999993,75,0.63496,0.54763,CONVERGED_OR_PLATEAU
DeepPCB,Full-SFT,deeppcb_full_seed824_e100,54,1.16039,1.05226,0.97334,3.18599,1.22054,1.09566,1.0317,3.3479,0.86835,0.80668,0.88595,0.54917,0.0005042578,0.55578,0.588734,-0.03295399999999993,75,0.63496,0.54763,CONVERGED_OR_PLATEAU
DeepPCB,Full-SFT,deeppcb_full_seed824_e100,55,1.1239,1.06363,0.96473,3.1522599999999996,1.42707,1.1543,1.08257,3.66394,0.86625,0.79738,0.87748,0.48358,0.000487256,0.55578,0.588734,-0.03295399999999993,75,0.63496,0.54763,CONVERGED_OR_PLATEAU
DeepPCB,Full-SFT,deeppcb_full_seed824_e100,56,1.12422,1.04325,0.98924,3.15671,1.34677,1.11574,1.05522,3.5177300000000002,0.86821,0.80162,0.88061,0.51877,0.00047032139999999997,0.55578,0.588734,-0.03295399999999993,75,0.63496,0.54763,CONVERGED_OR_PLATEAU
DeepPCB,Full-SFT,deeppcb_full_seed824_e100,57,1.19733,1.05691,0.98504,3.2392800000000004,1.05998,1.02947,0.98257,3.07202,0.88825,0.8063,0.89104,0.61923,0.0004534706,0.55578,0.588734,-0.03295399999999993,75,0.63496,0.54763,CONVERGED_OR_PLATEAU
DeepPCB,Full-SFT,deeppcb_full_seed824_e100,58,1.30037,1.03331,0.98323,3.31691,1.12667,1.07586,0.99446,3.1969900000000004,0.88158,0.79583,0.88155,0.58296,0.000436721,0.55578,0.588734,-0.03295399999999993,75,0.63496,0.54763,CONVERGED_OR_PLATEAU
DeepPCB,Full-SFT,deeppcb_full_seed824_e100,59,1.17812,1.06148,0.95813,3.1977300000000004,1.67102,1.27636,1.15095,4.09833,0.8431,0.76757,0.84229,0.37479,0.0004200886,0.55578,0.588734,-0.03295399999999993,75,0.63496,0.54763,CONVERGED_OR_PLATEAU
DeepPCB,Full-SFT,deeppcb_full_seed824_e100,60,1.40811,1.17766,1.04247,3.62824,1.88753,1.38172,1.23015,4.4994,0.80902,0.74757,0.80038,0.29954,0.0004035892,0.55578,0.588734,-0.03295399999999993,75,0.63496,0.54763,CONVERGED_OR_PLATEAU
DeepPCB,Full-SFT,deeppcb_full_seed824_e100,61,1.38043,1.16763,1.04382,3.5918799999999997,1.40903,1.19793,1.06777,3.6747300000000003,0.86752,0.78158,0.86546,0.4624,0.0003872404,0.55578,0.588734,-0.03295399999999993,75,0.63496,0.54763,CONVERGED_OR_PLATEAU
DeepPCB,Full-SFT,deeppcb_full_seed824_e100,62,1.20227,1.0439,0.97957,3.22574,1.11563,1.07326,0.99865,3.18754,0.874,0.81518,0.89121,0.59388,0.0003710572,0.55578,0.588734,-0.03295399999999993,75,0.63496,0.54763,CONVERGED_OR_PLATEAU
DeepPCB,Full-SFT,deeppcb_full_seed824_e100,63,1.37722,1.06029,1.00832,3.44583,1.1114,1.07133,0.9991,3.1818299999999997,0.88716,0.78901,0.89596,0.59941,0.000355056,0.55578,0.588734,-0.03295399999999993,75,0.63496,0.54763,CONVERGED_OR_PLATEAU
DeepPCB,Full-SFT,deeppcb_full_seed824_e100,64,1.3242,1.03532,0.9864,3.34592,1.22653,1.11616,1.02213,3.36482,0.8596,0.80411,0.89711,0.55253,0.0003392532,0.55578,0.588734,-0.03295399999999993,75,0.63496,0.54763,CONVERGED_OR_PLATEAU
DeepPCB,Full-SFT,deeppcb_full_seed824_e100,65,1.13292,1.01494,0.95895,3.1068099999999994,1.79259,1.2963,1.18586,4.27475,0.84504,0.77317,0.8551,0.36099,0.00032366320000000004,0.55578,0.588734,-0.03295399999999993,75,0.63496,0.54763,CONVERGED_OR_PLATEAU
DeepPCB,Full-SFT,deeppcb_full_seed824_e100,66,1.24744,1.04751,0.99683,3.29178,1.87373,1.32469,1.21623,4.41465,0.8301,0.78213,0.84439,0.33475,0.00030830220000000006,0.55578,0.588734,-0.03295399999999993,75,0.63496,0.54763,CONVERGED_OR_PLATEAU
DeepPCB,Full-SFT,deeppcb_full_seed824_e100,67,1.29362,1.09794,0.99701,3.38857,1.47836,1.16806,1.08526,3.73168,0.86917,0.80354,0.88845,0.46363,0.0002931852,0.55578,0.588734,-0.03295399999999993,75,0.63496,0.54763,CONVERGED_OR_PLATEAU
DeepPCB,Full-SFT,deeppcb_full_seed824_e100,68,1.14123,0.99546,0.9578,3.0944899999999995,1.12941,1.02589,0.99608,3.15138,0.9059,0.81567,0.90897,0.59851,0.0002783266,0.55578,0.588734,-0.03295399999999993,75,0.63496,0.54763,CONVERGED_OR_PLATEAU
DeepPCB,Full-SFT,deeppcb_full_seed824_e100,69,1.16887,0.97563,0.97124,3.1157399999999997,1.0698,1.00481,0.98154,3.0561499999999997,0.89823,0.8124,0.91081,0.62436,0.0002637424,0.55578,0.588734,-0.03295399999999993,75,0.63496,0.54763,CONVERGED_OR_PLATEAU
DeepPCB,Full-SFT,deeppcb_full_seed824_e100,70,1.30601,1.00866,0.97581,3.2904799999999996,1.16707,1.03652,1.00301,3.2066,0.91802,0.7968,0.90973,0.58254,0.0002494456,0.55578,0.588734,-0.03295399999999993,75,0.63496,0.54763,CONVERGED_OR_PLATEAU
DeepPCB,Full-SFT,deeppcb_full_seed824_e100,71,1.17924,0.95406,0.96682,3.1001200000000004,1.48984,1.12582,1.0886,3.70426,0.89949,0.79933,0.90314,0.47361,0.0002354508,0.55578,0.588734,-0.03295399999999993,75,0.63496,0.54763,CONVERGED_OR_PLATEAU
DeepPCB,Full-SFT,deeppcb_full_seed824_e100,72,1.1212,0.96003,0.9628,3.0440300000000002,1.58546,1.13854,1.11794,3.84194,0.89122,0.81124,0.89959,0.44635,0.0002217722,0.55578,0.588734,-0.03295399999999993,75,0.63496,0.54763,CONVERGED_OR_PLATEAU
DeepPCB,Full-SFT,deeppcb_full_seed824_e100,73,1.11806,0.96231,0.93996,3.0203300000000004,1.36316,1.04624,1.05223,3.4616299999999995,0.90877,0.81503,0.91441,0.52434,0.00020842252,0.55578,0.588734,-0.03295399999999993,75,0.63496,0.54763,CONVERGED_OR_PLATEAU
DeepPCB,Full-SFT,deeppcb_full_seed824_e100,74,1.02772,0.90823,0.94524,2.88119,1.11382,0.96654,0.9894,3.0697599999999996,0.92018,0.81608,0.92175,0.61493,0.00019541585999999998,0.55578,0.588734,-0.03295399999999993,75,0.63496,0.54763,CONVERGED_OR_PLATEAU
DeepPCB,Full-SFT,deeppcb_full_seed824_e100,75,1.10062,0.92779,0.95091,2.97932,1.06185,0.94106,0.97928,2.98219,0.92849,0.80969,0.92206,0.63496,0.00018276392000000002,0.55578,0.588734,-0.03295399999999993,75,0.63496,0.54763,CONVERGED_OR_PLATEAU
DeepPCB,Full-SFT,deeppcb_full_seed824_e100,76,1.11162,0.94228,0.97092,3.02482,1.09292,0.94468,0.98454,3.02214,0.92285,0.81575,0.92411,0.621,0.00017048022,0.55578,0.588734,-0.03295399999999993,75,0.63496,0.54763,CONVERGED_OR_PLATEAU
DeepPCB,Full-SFT,deeppcb_full_seed824_e100,77,1.10315,0.90967,0.94736,2.9601800000000003,1.23981,0.98715,1.01506,3.24202,0.88952,0.84039,0.92177,0.56568,0.00015857686,0.55578,0.588734,-0.03295399999999993,75,0.63496,0.54763,CONVERGED_OR_PLATEAU
DeepPCB,Full-SFT,deeppcb_full_seed824_e100,78,1.07143,0.91414,0.93442,2.9199900000000003,1.36131,1.02341,1.04295,3.42767,0.90349,0.8212,0.91902,0.52423,0.0001470645,0.55578,0.588734,-0.03295399999999993,75,0.63496,0.54763,CONVERGED_OR_PLATEAU
DeepPCB,Full-SFT,deeppcb_full_seed824_e100,79,1.06339,0.92029,0.94184,2.92552,1.31551,1.0046,1.03053,3.3506399999999994,0.88319,0.84313,0.92022,0.54019,0.00013595559999999998,0.55578,0.588734,-0.03295399999999993,75,0.63496,0.54763,CONVERGED_OR_PLATEAU
DeepPCB,Full-SFT,deeppcb_full_seed824_e100,80,1.06906,0.88056,0.93371,2.88333,1.22809,0.97344,1.01117,3.2127,0.88912,0.85143,0.92361,0.57421,0.00012526052,0.55578,0.588734,-0.03295399999999993,75,0.63496,0.54763,CONVERGED_OR_PLATEAU
DeepPCB,Full-SFT,deeppcb_full_seed824_e100,81,1.03297,0.8921,0.93999,2.8650599999999997,1.14177,0.94543,0.99384,3.0810400000000002,0.89286,0.8488,0.92387,0.60717,0.00011499046,0.55578,0.588734,-0.03295399999999993,75,0.63496,0.54763,CONVERGED_OR_PLATEAU
DeepPCB,Full-SFT,deeppcb_full_seed824_e100,82,1.07574,0.85545,0.93448,2.8656699999999997,1.109,0.93843,0.98859,3.0360199999999997,0.91062,0.8338,0.92179,0.61696,0.00010515457999999999,0.55578,0.588734,-0.03295399999999993,75,0.63496,0.54763,CONVERGED_OR_PLATEAU
DeepPCB,Full-SFT,deeppcb_full_seed824_e100,83,1.06713,0.91275,0.94835,2.92823,1.15017,0.95178,0.99741,3.09936,0.89881,0.84378,0.92012,0.60413,9.576338e-05,0.55578,0.588734,-0.03295399999999993,75,0.63496,0.54763,CONVERGED_OR_PLATEAU
DeepPCB,Full-SFT,deeppcb_full_seed824_e100,84,1.06841,0.8962,0.93714,2.90175,1.23754,0.9777,1.01817,3.23341,0.89328,0.84173,0.9187,0.5731,8.682588e-05,0.55578,0.588734,-0.03295399999999993,75,0.63496,0.54763,CONVERGED_OR_PLATEAU
DeepPCB,Full-SFT,deeppcb_full_seed824_e100,85,1.01168,0.85225,0.93408,2.7980099999999997,1.29897,0.99819,1.0336,3.3307599999999997,0.9023,0.83185,0.91561,0.55211,7.835094e-05,0.55578,0.588734,-0.03295399999999993,75,0.63496,0.54763,CONVERGED_OR_PLATEAU
DeepPCB,Full-SFT,deeppcb_full_seed824_e100,86,0.98689,0.84811,0.92176,2.75676,1.26927,0.98964,1.02639,3.2852999999999994,0.89874,0.83821,0.91633,0.56156,7.034706e-05,0.55578,0.588734,-0.03295399999999993,75,0.63496,0.54763,CONVERGED_OR_PLATEAU
DeepPCB,Full-SFT,deeppcb_full_seed824_e100,87,1.06512,0.88612,0.9508,2.90204,1.23785,0.97502,1.01931,3.2321799999999996,0.90502,0.83293,0.91803,0.57181,6.282162e-05,0.55578,0.588734,-0.03295399999999993,75,0.63496,0.54763,CONVERGED_OR_PLATEAU
DeepPCB,Full-SFT,deeppcb_full_seed824_e100,88,0.97066,0.85623,0.93256,2.75945,1.22348,0.96503,1.01532,3.20383,0.91088,0.82932,0.91864,0.57546,5.578264e-05,0.55578,0.588734,-0.03295399999999993,75,0.63496,0.54763,CONVERGED_OR_PLATEAU
DeepPCB,Full-SFT,deeppcb_full_seed824_e100,89,1.05851,0.90065,0.9557,2.91486,1.18501,0.95231,1.00571,3.14303,0.92283,0.8247,0.9222,0.58839,4.923668e-05,0.55578,0.588734,-0.03295399999999993,75,0.63496,0.54763,CONVERGED_OR_PLATEAU
DeepPCB,Full-SFT,deeppcb_full_seed824_e100,90,0.96778,0.79999,0.93311,2.70088,1.14807,0.94041,0.99705,3.0855299999999994,0.91627,0.83065,0.92432,0.60202,4.3190400000000006e-05,0.55578,0.588734,-0.03295399999999993,75,0.63496,0.54763,CONVERGED_OR_PLATEAU
DeepPCB,Full-SFT,deeppcb_full_seed824_e100,91,0.94945,0.81803,0.93979,2.70727,1.13201,0.94121,0.99212,3.06534,0.92164,0.82914,0.92364,0.6045,3.7649700000000006e-05,0.55578,0.588734,-0.03295399999999993,75,0.63496,0.54763,CONVERGED_OR_PLATEAU
DeepPCB,Full-SFT,deeppcb_full_seed824_e100,92,1.00635,0.83735,0.95022,2.79392,1.13869,0.94817,0.99329,3.0801499999999997,0.91417,0.83163,0.92375,0.60192,3.2620079999999995e-05,0.55578,0.588734,-0.03295399999999993,75,0.63496,0.54763,CONVERGED_OR_PLATEAU
DeepPCB,Full-SFT,deeppcb_full_seed824_e100,93,0.95984,0.80182,0.92721,2.68887,1.16776,0.95869,1.00038,3.12683,0.89474,0.83961,0.92081,0.58963,2.8106460000000003e-05,0.55578,0.588734,-0.03295399999999993,75,0.63496,0.54763,CONVERGED_OR_PLATEAU
DeepPCB,Full-SFT,deeppcb_full_seed824_e100,94,1.09549,0.86062,0.96995,2.92606,1.19006,0.9657,1.0051,3.16086,0.89512,0.84043,0.91949,0.58264,2.411332e-05,0.55578,0.588734,-0.03295399999999993,75,0.63496,0.54763,CONVERGED_OR_PLATEAU
DeepPCB,Full-SFT,deeppcb_full_seed824_e100,95,0.96006,0.81781,0.95567,2.73354,1.24291,0.98305,1.01852,3.24448,0.89635,0.83884,0.9181,0.56498,2.0644582e-05,0.55578,0.588734,-0.03295399999999993,75,0.63496,0.54763,CONVERGED_OR_PLATEAU
DeepPCB,Full-SFT,deeppcb_full_seed824_e100,96,0.96807,0.82577,0.93024,2.72408,1.26347,0.9901,1.02415,3.2777199999999995,0.8939,0.83733,0.9164,0.55874,1.7703708e-05,0.55578,0.588734,-0.03295399999999993,75,0.63496,0.54763,CONVERGED_OR_PLATEAU
DeepPCB,Full-SFT,deeppcb_full_seed824_e100,97,1.03645,0.83263,0.9397,2.80878,1.23427,0.98107,1.01643,3.23177,0.8997,0.83852,0.91936,0.56824,1.5293522e-05,0.55578,0.588734,-0.03295399999999993,75,0.63496,0.54763,CONVERGED_OR_PLATEAU
DeepPCB,Full-SFT,deeppcb_full_seed824_e100,98,0.98224,0.84031,0.94475,2.7673,1.27538,0.99317,1.02655,3.2950999999999997,0.89744,0.83856,0.9163,0.55355,1.3416502e-05,0.55578,0.588734,-0.03295399999999993,75,0.63496,0.54763,CONVERGED_OR_PLATEAU
DeepPCB,Full-SFT,deeppcb_full_seed824_e100,99,0.97727,0.81746,0.93698,2.73171,1.28817,0.99584,1.02977,3.31378,0.90218,0.83286,0.9166,0.55074,1.2074455999999999e-05,0.55578,0.588734,-0.03295399999999993,75,0.63496,0.54763,CONVERGED_OR_PLATEAU
DeepPCB,Full-SFT,deeppcb_full_seed824_e100,100,0.96292,0.80759,0.94611,2.71662,1.29972,0.99918,1.03237,3.33127,0.90337,0.83356,0.91528,0.54763,1.1268705999999999e-05,0.55578,0.588734,-0.03295399999999993,75,0.63496,0.54763,CONVERGED_OR_PLATEAU
DeepPCB,Frozen Backbone,deeppcb_frozen_seed824_e100,1,3.70181,4.9042,2.18421,10.790220000000001,3.23426,4.91835,2.06094,10.21355,0.00084,0.05018,0.00079,0.00023,0.000132,0.482846,0.47309,0.009755999999999987,63,0.48668,0.47864,CONVERGED_OR_PLATEAU
DeepPCB,Frozen Backbone,deeppcb_frozen_seed824_e100,2,2.75861,4.54697,1.60911,8.91469,2.14101,4.53496,1.3972,8.07317,0.00291,0.1488,0.03496,0.00963,0.00027493280000000003,0.482846,0.47309,0.009755999999999987,63,0.48668,0.47864,CONVERGED_OR_PLATEAU
DeepPCB,Frozen Backbone,deeppcb_frozen_seed824_e100,3,2.21492,4.19728,1.35408,7.76628,1.76331,4.41088,1.18922,7.363409999999999,0.01181,0.31668,0.07105,0.02132,0.0004175918,0.482846,0.47309,0.009755999999999987,63,0.48668,0.47864,CONVERGED_OR_PLATEAU
DeepPCB,Frozen Backbone,deeppcb_frozen_seed824_e100,4,2.08391,3.9182,1.27629,7.2783999999999995,1.7401,4.19466,1.13506,7.06982,0.01449,0.53669,0.09542,0.03068,0.000559768,0.482846,0.47309,0.009755999999999987,63,0.48668,0.47864,CONVERGED_OR_PLATEAU
DeepPCB,Frozen Backbone,deeppcb_frozen_seed824_e100,5,2.04146,3.56857,1.2051,6.81513,1.71352,3.84698,1.09921,6.65971,0.63103,0.10217,0.11885,0.05008,0.0007012514,0.482846,0.47309,0.009755999999999987,63,0.48668,0.47864,CONVERGED_OR_PLATEAU
DeepPCB,Frozen Backbone,deeppcb_frozen_seed824_e100,6,1.92091,3.33787,1.16952,6.4283,1.81889,3.59014,1.18363,6.5926599999999995,0.29096,0.21459,0.11523,0.04226,0.000841837,0.482846,0.47309,0.009755999999999987,63,0.48668,0.47864,CONVERGED_OR_PLATEAU
DeepPCB,Frozen Backbone,deeppcb_frozen_seed824_e100,7,1.85881,3.01922,1.172,6.05003,1.61371,3.3014,1.09152,6.00663,0.29446,0.24559,0.1333,0.06113,0.0009813202,0.482846,0.47309,0.009755999999999987,63,0.48668,0.47864,CONVERGED_OR_PLATEAU
DeepPCB,Frozen Backbone,deeppcb_frozen_seed824_e100,8,1.89631,2.92488,1.1775,5.99869,1.61534,3.07322,1.09759,5.78615,0.21966,0.3422,0.18215,0.09208,0.0010868872,0.482846,0.47309,0.009755999999999987,63,0.48668,0.47864,CONVERGED_OR_PLATEAU
DeepPCB,Frozen Backbone,deeppcb_frozen_seed824_e100,9,1.76019,2.67311,1.14083,5.57413,1.65586,2.94731,1.11453,5.717700000000001,0.1907,0.36616,0.20891,0.1091,0.0010828942000000001,0.482846,0.47309,0.009755999999999987,63,0.48668,0.47864,CONVERGED_OR_PLATEAU
DeepPCB,Frozen Backbone,deeppcb_frozen_seed824_e100,10,1.81285,2.63885,1.14201,5.593710000000001,1.56111,2.81011,1.09739,5.46861,0.24179,0.44556,0.24498,0.13068,0.0010783796000000002,0.482846,0.47309,0.009755999999999987,63,0.48668,0.47864,CONVERGED_OR_PLATEAU
DeepPCB,Frozen Backbone,deeppcb_frozen_seed824_e100,11,1.71998,2.49883,1.10956,5.32837,1.52371,2.55625,1.10437,5.18433,0.29047,0.47919,0.31124,0.16147,0.001073351,0.482846,0.47309,0.009755999999999987,63,0.48668,0.47864,CONVERGED_OR_PLATEAU
DeepPCB,Frozen Backbone,deeppcb_frozen_seed824_e100,12,1.70476,2.37496,1.12012,5.19984,1.57375,2.62453,1.11219,5.3104700000000005,0.25911,0.49438,0.29442,0.13913,0.0010678092,0.482846,0.47309,0.009755999999999987,63,0.48668,0.47864,CONVERGED_OR_PLATEAU
DeepPCB,Frozen Backbone,deeppcb_frozen_seed824_e100,13,1.62173,2.35689,1.09637,5.07499,1.45273,2.41028,1.10835,4.97136,0.32644,0.47808,0.34945,0.18896,0.0010617634,0.482846,0.47309,0.009755999999999987,63,0.48668,0.47864,CONVERGED_OR_PLATEAU
DeepPCB,Frozen Backbone,deeppcb_frozen_seed824_e100,14,1.70789,2.3026,1.14421,5.1547,1.46328,2.33538,1.10269,4.90135,0.37151,0.46104,0.38591,0.20741,0.0010552182,0.482846,0.47309,0.009755999999999987,63,0.48668,0.47864,CONVERGED_OR_PLATEAU
DeepPCB,Frozen Backbone,deeppcb_frozen_seed824_e100,15,1.59291,2.2636,1.13066,4.98717,1.4794,2.34839,1.10416,4.9319500000000005,0.349,0.44929,0.37848,0.19422,0.0010481784,0.482846,0.47309,0.009755999999999987,63,0.48668,0.47864,CONVERGED_OR_PLATEAU
DeepPCB,Frozen Backbone,deeppcb_frozen_seed824_e100,16,1.58204,2.16564,1.06179,4.80947,1.48924,2.3047,1.09311,4.88705,0.33681,0.47641,0.39015,0.19376,0.0010406536,0.482846,0.47309,0.009755999999999987,63,0.48668,0.47864,CONVERGED_OR_PLATEAU
DeepPCB,Frozen Backbone,deeppcb_frozen_seed824_e100,17,1.54545,2.0722,1.07641,4.69406,1.4194,2.12861,1.08768,4.63569,0.41456,0.49241,0.45619,0.24418,0.0010326484,0.482846,0.47309,0.009755999999999987,63,0.48668,0.47864,CONVERGED_OR_PLATEAU
DeepPCB,Frozen Backbone,deeppcb_frozen_seed824_e100,18,1.61567,2.09192,1.09254,4.800129999999999,1.54633,2.18944,1.10557,4.84134,0.42637,0.51159,0.44877,0.21706,0.0010241730000000002,0.482846,0.47309,0.009755999999999987,63,0.48668,0.47864,CONVERGED_OR_PLATEAU
DeepPCB,Frozen Backbone,deeppcb_frozen_seed824_e100,19,1.58828,2.02246,1.06034,4.67108,1.51344,2.18046,1.09831,4.79221,0.43244,0.48702,0.44507,0.21525,0.0010152353999999999,0.482846,0.47309,0.009755999999999987,63,0.48668,0.47864,CONVERGED_OR_PLATEAU
DeepPCB,Frozen Backbone,deeppcb_frozen_seed824_e100,20,1.57513,2.09847,1.06997,4.74357,1.44561,2.11064,1.09986,4.65611,0.46569,0.51728,0.48911,0.25654,0.0010058454,0.482846,0.47309,0.009755999999999987,63,0.48668,0.47864,CONVERGED_OR_PLATEAU
DeepPCB,Frozen Backbone,deeppcb_frozen_seed824_e100,21,1.50828,1.99307,1.07418,4.57553,1.48098,2.13657,1.0923,4.709849999999999,0.47771,0.50917,0.48711,0.23868,0.0009960102,0.482846,0.47309,0.009755999999999987,63,0.48668,0.47864,CONVERGED_OR_PLATEAU
DeepPCB,Frozen Backbone,deeppcb_frozen_seed824_e100,22,1.48594,1.93969,1.04618,4.47181,1.38458,1.96337,1.07257,4.42052,0.55909,0.56551,0.56514,0.32312,0.0009857388,0.482846,0.47309,0.009755999999999987,63,0.48668,0.47864,CONVERGED_OR_PLATEAU
DeepPCB,Frozen Backbone,deeppcb_frozen_seed824_e100,23,1.55523,1.86217,1.07018,4.4875799999999995,1.41875,2.00754,1.08237,4.50866,0.5675,0.5437,0.55547,0.29361,0.0009750448,0.482846,0.47309,0.009755999999999987,63,0.48668,0.47864,CONVERGED_OR_PLATEAU
DeepPCB,Frozen Backbone,deeppcb_frozen_seed824_e100,24,1.4544,1.8229,1.07307,4.35037,1.44926,1.91512,1.09062,4.455,0.56207,0.55498,0.57507,0.29411,0.0009639353999999999,0.482846,0.47309,0.009755999999999987,63,0.48668,0.47864,CONVERGED_OR_PLATEAU
DeepPCB,Frozen Backbone,deeppcb_frozen_seed824_e100,25,1.53048,1.804,1.06932,4.4038,1.56757,2.0017,1.12351,4.69278,0.50509,0.55112,0.53013,0.23985,0.0009524233999999999,0.482846,0.47309,0.009755999999999987,63,0.48668,0.47864,CONVERGED_OR_PLATEAU
DeepPCB,Frozen Backbone,deeppcb_frozen_seed824_e100,26,1.49077,1.78144,1.05105,4.323259999999999,1.47784,1.91591,1.08986,4.48361,0.53832,0.57782,0.565,0.27531,0.0009405205999999999,0.482846,0.47309,0.009755999999999987,63,0.48668,0.47864,CONVERGED_OR_PLATEAU
DeepPCB,Frozen Backbone,deeppcb_frozen_seed824_e100,27,1.44937,1.76818,1.06551,4.28306,1.34739,1.76738,1.05845,4.17322,0.59863,0.62175,0.63881,0.35463,0.0009282356,0.482846,0.47309,0.009755999999999987,63,0.48668,0.47864,CONVERGED_OR_PLATEAU
DeepPCB,Frozen Backbone,deeppcb_frozen_seed824_e100,28,1.50285,1.74763,1.0822,4.33268,1.4465,1.80705,1.08288,4.33643,0.63916,0.59349,0.63096,0.33326,0.0009155844,0.482846,0.47309,0.009755999999999987,63,0.48668,0.47864,CONVERGED_OR_PLATEAU
DeepPCB,Frozen Backbone,deeppcb_frozen_seed824_e100,29,1.44229,1.72815,1.04353,4.21397,1.51167,1.89945,1.09485,4.5059700000000005,0.63153,0.57517,0.61665,0.28382,0.0009025774,0.482846,0.47309,0.009755999999999987,63,0.48668,0.47864,CONVERGED_OR_PLATEAU
DeepPCB,Frozen Backbone,deeppcb_frozen_seed824_e100,30,1.44391,1.69567,1.04244,4.18202,1.39042,1.77012,1.06742,4.22796,0.65785,0.59883,0.65793,0.34521,0.0008892282,0.482846,0.47309,0.009755999999999987,63,0.48668,0.47864,CONVERGED_OR_PLATEAU
DeepPCB,Frozen Backbone,deeppcb_frozen_seed824_e100,31,1.44281,1.66068,1.0535,4.15699,1.33188,1.6959,1.05766,4.08544,0.65733,0.61618,0.67584,0.39138,0.0008755498,0.482846,0.47309,0.009755999999999987,63,0.48668,0.47864,CONVERGED_OR_PLATEAU
DeepPCB,Frozen Backbone,deeppcb_frozen_seed824_e100,32,1.42691,1.61566,1.04115,4.08372,1.45692,1.8025,1.08359,4.34301,0.68023,0.5874,0.64987,0.32505,0.0008615538000000001,0.482846,0.47309,0.009755999999999987,63,0.48668,0.47864,CONVERGED_OR_PLATEAU
DeepPCB,Frozen Backbone,deeppcb_frozen_seed824_e100,33,1.45476,1.63283,1.03492,4.12251,1.51646,1.86383,1.09329,4.47358,0.616,0.57905,0.61157,0.27997,0.0008472578,0.482846,0.47309,0.009755999999999987,63,0.48668,0.47864,CONVERGED_OR_PLATEAU
DeepPCB,Frozen Backbone,deeppcb_frozen_seed824_e100,34,1.45875,1.64004,1.03248,4.131270000000001,1.42385,1.7259,1.0739,4.22365,0.68393,0.59942,0.66886,0.35237,0.0008326732,0.482846,0.47309,0.009755999999999987,63,0.48668,0.47864,CONVERGED_OR_PLATEAU
DeepPCB,Frozen Backbone,deeppcb_frozen_seed824_e100,35,1.4805,1.59922,1.05657,4.13629,1.3576,1.69436,1.05526,4.10722,0.66136,0.63936,0.67965,0.37902,0.0008178155999999999,0.482846,0.47309,0.009755999999999987,63,0.48668,0.47864,CONVERGED_OR_PLATEAU
DeepPCB,Frozen Backbone,deeppcb_frozen_seed824_e100,36,1.39493,1.57259,1.0334,4.00092,1.45376,1.75686,1.06975,4.28037,0.66863,0.62672,0.67742,0.33357,0.0008026976,0.482846,0.47309,0.009755999999999987,63,0.48668,0.47864,CONVERGED_OR_PLATEAU
DeepPCB,Frozen Backbone,deeppcb_frozen_seed824_e100,37,1.40726,1.55751,1.02752,3.9922899999999997,1.37641,1.66032,1.05252,4.08925,0.71065,0.65167,0.71496,0.38567,0.0007873366,0.482846,0.47309,0.009755999999999987,63,0.48668,0.47864,CONVERGED_OR_PLATEAU
DeepPCB,Frozen Backbone,deeppcb_frozen_seed824_e100,38,1.39285,1.51837,1.03574,3.9469600000000002,1.2961,1.58264,1.03745,3.9161900000000003,0.71473,0.66194,0.73344,0.42283,0.0007717475999999999,0.482846,0.47309,0.009755999999999987,63,0.48668,0.47864,CONVERGED_OR_PLATEAU
DeepPCB,Frozen Backbone,deeppcb_frozen_seed824_e100,39,1.48837,1.53721,1.03754,4.06312,1.38064,1.65751,1.05896,4.09711,0.68711,0.64145,0.70055,0.3718,0.0007559434,0.482846,0.47309,0.009755999999999987,63,0.48668,0.47864,CONVERGED_OR_PLATEAU
DeepPCB,Frozen Backbone,deeppcb_frozen_seed824_e100,40,1.36995,1.48051,1.02702,3.8774800000000003,1.43274,1.63281,1.06835,4.1339,0.70793,0.65276,0.71608,0.36946,0.0007399425999999999,0.482846,0.47309,0.009755999999999987,63,0.48668,0.47864,CONVERGED_OR_PLATEAU
DeepPCB,Frozen Backbone,deeppcb_frozen_seed824_e100,41,1.37578,1.47033,1.00499,3.8510999999999997,1.32028,1.52645,1.04313,3.8898599999999997,0.7367,0.67803,0.74802,0.4318,0.0007237602,0.482846,0.47309,0.009755999999999987,63,0.48668,0.47864,CONVERGED_OR_PLATEAU
DeepPCB,Frozen Backbone,deeppcb_frozen_seed824_e100,42,1.43627,1.45841,1.0363,3.93098,1.29808,1.52144,1.03795,3.8574699999999997,0.7345,0.69918,0.75678,0.44228,0.0007074106,0.482846,0.47309,0.009755999999999987,63,0.48668,0.47864,CONVERGED_OR_PLATEAU
DeepPCB,Frozen Backbone,deeppcb_frozen_seed824_e100,43,1.38406,1.43652,1.04703,3.86761,1.3648,1.55713,1.04496,3.96689,0.74282,0.67586,0.75386,0.4053,0.0006909108,0.482846,0.47309,0.009755999999999987,63,0.48668,0.47864,CONVERGED_OR_PLATEAU
DeepPCB,Frozen Backbone,deeppcb_frozen_seed824_e100,44,1.36771,1.43963,1.03481,3.84215,1.37394,1.57868,1.04695,3.9995700000000003,0.70212,0.67191,0.72566,0.39035,0.0006742785999999999,0.482846,0.47309,0.009755999999999987,63,0.48668,0.47864,CONVERGED_OR_PLATEAU
DeepPCB,Frozen Backbone,deeppcb_frozen_seed824_e100,45,1.34329,1.40066,0.9994,3.74335,1.34717,1.52244,1.03888,3.9084899999999996,0.73743,0.67806,0.74089,0.4118,0.0006575298000000001,0.482846,0.47309,0.009755999999999987,63,0.48668,0.47864,CONVERGED_OR_PLATEAU
DeepPCB,Frozen Backbone,deeppcb_frozen_seed824_e100,46,1.34582,1.40501,1.0059,3.75673,1.41277,1.53967,1.05112,4.00356,0.73862,0.67027,0.74578,0.38754,0.0006406786,0.482846,0.47309,0.009755999999999987,63,0.48668,0.47864,CONVERGED_OR_PLATEAU
DeepPCB,Frozen Backbone,deeppcb_frozen_seed824_e100,47,1.34277,1.44938,1.01474,3.80689,1.40723,1.54081,1.05191,3.9999499999999997,0.76033,0.67642,0.75648,0.39689,0.0006237440000000001,0.482846,0.47309,0.009755999999999987,63,0.48668,0.47864,CONVERGED_OR_PLATEAU
DeepPCB,Frozen Backbone,deeppcb_frozen_seed824_e100,48,1.32325,1.35471,1.00466,3.68262,1.32903,1.49121,1.03449,3.85473,0.77296,0.69799,0.77493,0.43916,0.0006067428,0.482846,0.47309,0.009755999999999987,63,0.48668,0.47864,CONVERGED_OR_PLATEAU
DeepPCB,Frozen Backbone,deeppcb_frozen_seed824_e100,49,1.27382,1.32558,0.99089,3.5902900000000004,1.3561,1.53055,1.03816,3.9248100000000004,0.76616,0.68293,0.76424,0.41769,0.0005896887999999999,0.482846,0.47309,0.009755999999999987,63,0.48668,0.47864,CONVERGED_OR_PLATEAU
DeepPCB,Frozen Backbone,deeppcb_frozen_seed824_e100,50,1.26983,1.29339,0.99226,3.55548,1.35876,1.49717,1.03998,3.8959099999999998,0.78316,0.6871,0.77196,0.42318,0.0005726036000000001,0.482846,0.47309,0.009755999999999987,63,0.48668,0.47864,CONVERGED_OR_PLATEAU
DeepPCB,Frozen Backbone,deeppcb_frozen_seed824_e100,51,1.28446,1.32938,0.99088,3.6047199999999995,1.28182,1.40845,1.02698,3.71725,0.78274,0.70509,0.79562,0.46149,0.0005555,0.482846,0.47309,0.009755999999999987,63,0.48668,0.47864,CONVERGED_OR_PLATEAU
DeepPCB,Frozen Backbone,deeppcb_frozen_seed824_e100,52,1.31882,1.30687,1.00617,3.63186,1.29775,1.40122,1.03368,3.73265,0.78368,0.70676,0.79649,0.45787,0.000538397,0.482846,0.47309,0.009755999999999987,63,0.48668,0.47864,CONVERGED_OR_PLATEAU
DeepPCB,Frozen Backbone,deeppcb_frozen_seed824_e100,53,1.32273,1.28302,1.01187,3.61762,1.3924,1.48585,1.05132,3.92957,0.75504,0.69631,0.76857,0.40083,0.0005213106000000001,0.482846,0.47309,0.009755999999999987,63,0.48668,0.47864,CONVERGED_OR_PLATEAU
DeepPCB,Frozen Backbone,deeppcb_frozen_seed824_e100,54,1.26928,1.2836,0.98289,3.5357700000000003,1.41266,1.493,1.05408,3.95974,0.75838,0.68409,0.76309,0.39558,0.0005042578,0.482846,0.47309,0.009755999999999987,63,0.48668,0.47864,CONVERGED_OR_PLATEAU
DeepPCB,Frozen Backbone,deeppcb_frozen_seed824_e100,55,1.26674,1.32272,0.98435,3.57381,1.35577,1.43097,1.04171,3.82845,0.77353,0.70515,0.78283,0.43124,0.000487256,0.482846,0.47309,0.009755999999999987,63,0.48668,0.47864,CONVERGED_OR_PLATEAU
DeepPCB,Frozen Backbone,deeppcb_frozen_seed824_e100,56,1.28428,1.22722,0.99902,3.5105199999999996,1.3354,1.41277,1.0355,3.78367,0.7875,0.71064,0.79488,0.4404,0.00047032139999999997,0.482846,0.47309,0.009755999999999987,63,0.48668,0.47864,CONVERGED_OR_PLATEAU
DeepPCB,Frozen Backbone,deeppcb_frozen_seed824_e100,57,1.34326,1.28962,1.00825,3.6411300000000004,1.26172,1.35882,1.01552,3.63606,0.80019,0.7091,0.80559,0.47805,0.0004534706,0.482846,0.47309,0.009755999999999987,63,0.48668,0.47864,CONVERGED_OR_PLATEAU
DeepPCB,Frozen Backbone,deeppcb_frozen_seed824_e100,58,1.30667,1.21266,0.97763,3.49696,1.25541,1.36243,1.01225,3.63009,0.7924,0.72616,0.80804,0.47832,0.000436721,0.482846,0.47309,0.009755999999999987,63,0.48668,0.47864,CONVERGED_OR_PLATEAU
DeepPCB,Frozen Backbone,deeppcb_frozen_seed824_e100,59,1.30084,1.24776,0.98294,3.53154,1.35696,1.43409,1.03638,3.8274300000000006,0.78105,0.69847,0.78685,0.42783,0.0004200886,0.482846,0.47309,0.009755999999999987,63,0.48668,0.47864,CONVERGED_OR_PLATEAU
DeepPCB,Frozen Backbone,deeppcb_frozen_seed824_e100,60,1.34318,1.32521,1.00395,3.67234,1.42388,1.46799,1.05429,3.94616,0.7743,0.6989,0.77477,0.40244,0.0004035892,0.482846,0.47309,0.009755999999999987,63,0.48668,0.47864,CONVERGED_OR_PLATEAU
DeepPCB,Frozen Backbone,deeppcb_frozen_seed824_e100,61,1.27783,1.31519,1.00033,3.59335,1.34692,1.41132,1.03993,3.79817,0.78869,0.7002,0.78576,0.44505,0.0003872404,0.482846,0.47309,0.009755999999999987,63,0.48668,0.47864,CONVERGED_OR_PLATEAU
DeepPCB,Frozen Backbone,deeppcb_frozen_seed824_e100,62,1.30501,1.23915,0.99689,3.54105,1.29215,1.36075,1.0291,3.6819999999999995,0.80408,0.72711,0.80505,0.47395,0.0003710572,0.482846,0.47309,0.009755999999999987,63,0.48668,0.47864,CONVERGED_OR_PLATEAU
DeepPCB,Frozen Backbone,deeppcb_frozen_seed824_e100,63,1.38025,1.23086,1.01895,3.6300600000000003,1.25444,1.34751,1.01693,3.61888,0.80049,0.72838,0.80887,0.48668,0.000355056,0.482846,0.47309,0.009755999999999987,63,0.48668,0.47864,CONVERGED_OR_PLATEAU
DeepPCB,Frozen Backbone,deeppcb_frozen_seed824_e100,64,1.2992,1.23163,0.98017,3.511,1.31305,1.39498,1.02535,3.73338,0.80044,0.71902,0.80703,0.45193,0.0003392532,0.482846,0.47309,0.009755999999999987,63,0.48668,0.47864,CONVERGED_OR_PLATEAU
DeepPCB,Frozen Backbone,deeppcb_frozen_seed824_e100,65,1.23166,1.21619,0.97529,3.42314,1.36659,1.43261,1.04019,3.83939,0.79624,0.70586,0.79295,0.4209,0.00032366320000000004,0.482846,0.47309,0.009755999999999987,63,0.48668,0.47864,CONVERGED_OR_PLATEAU
DeepPCB,Frozen Backbone,deeppcb_frozen_seed824_e100,66,1.26736,1.21952,0.98737,3.47425,1.36405,1.40049,1.04335,3.8078900000000004,0.79646,0.71548,0.80489,0.43668,0.00030830220000000006,0.482846,0.47309,0.009755999999999987,63,0.48668,0.47864,CONVERGED_OR_PLATEAU
DeepPCB,Frozen Backbone,deeppcb_frozen_seed824_e100,67,1.24938,1.20221,0.97635,3.42794,1.36382,1.37792,1.05038,3.79212,0.8228,0.70728,0.80895,0.45237,0.0002931852,0.482846,0.47309,0.009755999999999987,63,0.48668,0.47864,CONVERGED_OR_PLATEAU
DeepPCB,Frozen Backbone,deeppcb_frozen_seed824_e100,68,1.2455,1.21923,0.97971,3.44444,1.34289,1.35278,1.04306,3.73873,0.82594,0.71819,0.81928,0.46633,0.0002783266,0.482846,0.47309,0.009755999999999987,63,0.48668,0.47864,CONVERGED_OR_PLATEAU
DeepPCB,Frozen Backbone,deeppcb_frozen_seed824_e100,69,1.27026,1.21276,0.98905,3.4720699999999995,1.30796,1.32706,1.02894,3.66396,0.8132,0.72481,0.82208,0.4725,0.0002637424,0.482846,0.47309,0.009755999999999987,63,0.48668,0.47864,CONVERGED_OR_PLATEAU
DeepPCB,Frozen Backbone,deeppcb_frozen_seed824_e100,70,1.28366,1.21758,0.97158,3.47282,1.31742,1.33339,1.02841,3.67922,0.80473,0.73746,0.82672,0.46338,0.0002494456,0.482846,0.47309,0.009755999999999987,63,0.48668,0.47864,CONVERGED_OR_PLATEAU
DeepPCB,Frozen Backbone,deeppcb_frozen_seed824_e100,71,1.2307,1.16551,0.97313,3.3693400000000002,1.3388,1.35022,1.03255,3.7215700000000003,0.8122,0.73935,0.82708,0.45122,0.0002354508,0.482846,0.47309,0.009755999999999987,63,0.48668,0.47864,CONVERGED_OR_PLATEAU
DeepPCB,Frozen Backbone,deeppcb_frozen_seed824_e100,72,1.24501,1.15811,0.97905,3.38217,1.31022,1.34674,1.02436,3.6813199999999995,0.83519,0.7238,0.82659,0.46498,0.0002217722,0.482846,0.47309,0.009755999999999987,63,0.48668,0.47864,CONVERGED_OR_PLATEAU
DeepPCB,Frozen Backbone,deeppcb_frozen_seed824_e100,73,1.28594,1.17839,0.96507,3.4294000000000002,1.30751,1.35689,1.02443,3.6888299999999994,0.82966,0.71377,0.82202,0.46476,0.00020842252,0.482846,0.47309,0.009755999999999987,63,0.48668,0.47864,CONVERGED_OR_PLATEAU
DeepPCB,Frozen Backbone,deeppcb_frozen_seed824_e100,74,1.18762,1.1665,0.97001,3.3241300000000003,1.32638,1.36654,1.03008,3.723,0.84134,0.71258,0.81841,0.452,0.00019541585999999998,0.482846,0.47309,0.009755999999999987,63,0.48668,0.47864,CONVERGED_OR_PLATEAU
DeepPCB,Frozen Backbone,deeppcb_frozen_seed824_e100,75,1.23579,1.18965,0.97803,3.40347,1.34548,1.36106,1.03505,3.74159,0.8332,0.71667,0.81722,0.44456,0.00018276392000000002,0.482846,0.47309,0.009755999999999987,63,0.48668,0.47864,CONVERGED_OR_PLATEAU
DeepPCB,Frozen Backbone,deeppcb_frozen_seed824_e100,76,1.21062,1.16289,0.98155,3.35506,1.34765,1.33934,1.03731,3.7242999999999995,0.8332,0.72248,0.82106,0.44851,0.00017048022,0.482846,0.47309,0.009755999999999987,63,0.48668,0.47864,CONVERGED_OR_PLATEAU
DeepPCB,Frozen Backbone,deeppcb_frozen_seed824_e100,77,1.22169,1.17576,0.96918,3.3666300000000002,1.33658,1.3235,1.03486,3.69494,0.82336,0.73556,0.82071,0.45394,0.00015857686,0.482846,0.47309,0.009755999999999987,63,0.48668,0.47864,CONVERGED_OR_PLATEAU
DeepPCB,Frozen Backbone,deeppcb_frozen_seed824_e100,78,1.2479,1.17288,0.96346,3.3842399999999997,1.3323,1.31888,1.03302,3.6842,0.79901,0.75446,0.82219,0.45738,0.0001470645,0.482846,0.47309,0.009755999999999987,63,0.48668,0.47864,CONVERGED_OR_PLATEAU
DeepPCB,Frozen Backbone,deeppcb_frozen_seed824_e100,79,1.23258,1.18616,0.96946,3.3882000000000003,1.33239,1.31782,1.0332,3.68341,0.79682,0.75119,0.82192,0.45764,0.00013595559999999998,0.482846,0.47309,0.009755999999999987,63,0.48668,0.47864,CONVERGED_OR_PLATEAU
DeepPCB,Frozen Backbone,deeppcb_frozen_seed824_e100,80,1.24364,1.14475,0.96394,3.3523300000000003,1.33635,1.31827,1.03315,3.68777,0.80909,0.7368,0.8212,0.45321,0.00012526052,0.482846,0.47309,0.009755999999999987,63,0.48668,0.47864,CONVERGED_OR_PLATEAU
DeepPCB,Frozen Backbone,deeppcb_frozen_seed824_e100,81,1.22157,1.13837,0.9711,3.33104,1.32973,1.31273,1.03106,3.67352,0.79664,0.75073,0.8207,0.45384,0.00011499046,0.482846,0.47309,0.009755999999999987,63,0.48668,0.47864,CONVERGED_OR_PLATEAU
DeepPCB,Frozen Backbone,deeppcb_frozen_seed824_e100,82,1.21637,1.1223,0.95627,3.29494,1.31042,1.30131,1.02529,3.6370199999999997,0.83797,0.72026,0.82375,0.46149,0.00010515457999999999,0.482846,0.47309,0.009755999999999987,63,0.48668,0.47864,CONVERGED_OR_PLATEAU
DeepPCB,Frozen Backbone,deeppcb_frozen_seed824_e100,83,1.16721,1.12888,0.9669,3.2629900000000003,1.30686,1.29592,1.02358,3.62636,0.83179,0.72595,0.82277,0.46395,9.576338e-05,0.482846,0.47309,0.009755999999999987,63,0.48668,0.47864,CONVERGED_OR_PLATEAU
DeepPCB,Frozen Backbone,deeppcb_frozen_seed824_e100,84,1.2527,1.13762,0.96746,3.35778,1.2973,1.28678,1.0201,3.6041800000000004,0.82929,0.72967,0.82816,0.471,8.682588e-05,0.482846,0.47309,0.009755999999999987,63,0.48668,0.47864,CONVERGED_OR_PLATEAU
DeepPCB,Frozen Backbone,deeppcb_frozen_seed824_e100,85,1.21931,1.1189,0.96829,3.3065,1.30476,1.28896,1.02156,3.6152800000000003,0.82461,0.73581,0.82872,0.46907,7.835094e-05,0.482846,0.47309,0.009755999999999987,63,0.48668,0.47864,CONVERGED_OR_PLATEAU
DeepPCB,Frozen Backbone,deeppcb_frozen_seed824_e100,86,1.20851,1.10488,0.9564,3.26979,1.31007,1.29015,1.02248,3.6227,0.82678,0.73263,0.82723,0.4696,7.034706e-05,0.482846,0.47309,0.009755999999999987,63,0.48668,0.47864,CONVERGED_OR_PLATEAU
DeepPCB,Frozen Backbone,deeppcb_frozen_seed824_e100,87,1.24059,1.14189,0.97871,3.36119,1.31946,1.29156,1.02468,3.6357,0.82326,0.73708,0.82715,0.46723,6.282162e-05,0.482846,0.47309,0.009755999999999987,63,0.48668,0.47864,CONVERGED_OR_PLATEAU
DeepPCB,Frozen Backbone,deeppcb_frozen_seed824_e100,88,1.16663,1.09021,0.9586,3.21544,1.32932,1.29761,1.02737,3.6542999999999997,0.81527,0.73821,0.82371,0.46113,5.578264e-05,0.482846,0.47309,0.009755999999999987,63,0.48668,0.47864,CONVERGED_OR_PLATEAU
DeepPCB,Frozen Backbone,deeppcb_frozen_seed824_e100,89,1.23246,1.16044,0.98005,3.37295,1.32516,1.29933,1.02711,3.6515999999999997,0.80612,0.74502,0.82284,0.46131,4.923668e-05,0.482846,0.47309,0.009755999999999987,63,0.48668,0.47864,CONVERGED_OR_PLATEAU
DeepPCB,Frozen Backbone,deeppcb_frozen_seed824_e100,90,1.18135,1.09023,0.97176,3.24334,1.31783,1.29758,1.02601,3.64142,0.80122,0.74414,0.82087,0.46469,4.3190400000000006e-05,0.482846,0.47309,0.009755999999999987,63,0.48668,0.47864,CONVERGED_OR_PLATEAU
DeepPCB,Frozen Backbone,deeppcb_frozen_seed824_e100,91,1.10195,1.03555,0.96682,3.1043200000000004,1.31257,1.30262,1.02586,3.64105,0.8161,0.72928,0.82093,0.4659,3.7649700000000006e-05,0.482846,0.47309,0.009755999999999987,63,0.48668,0.47864,CONVERGED_OR_PLATEAU
DeepPCB,Frozen Backbone,deeppcb_frozen_seed824_e100,92,1.10285,1.04069,0.95685,3.10039,1.29983,1.30515,1.02439,3.62937,0.81198,0.73152,0.82143,0.47009,3.2620079999999995e-05,0.482846,0.47309,0.009755999999999987,63,0.48668,0.47864,CONVERGED_OR_PLATEAU
DeepPCB,Frozen Backbone,deeppcb_frozen_seed824_e100,93,1.0629,1.00915,0.94358,3.01563,1.29068,1.30206,1.0238,3.61654,0.80341,0.74788,0.82417,0.4726,2.8106460000000003e-05,0.482846,0.47309,0.009755999999999987,63,0.48668,0.47864,CONVERGED_OR_PLATEAU
DeepPCB,Frozen Backbone,deeppcb_frozen_seed824_e100,94,1.14984,1.03514,0.96727,3.15225,1.28161,1.29767,1.02212,3.6014,0.80181,0.74925,0.8235,0.47866,2.411332e-05,0.482846,0.47309,0.009755999999999987,63,0.48668,0.47864,CONVERGED_OR_PLATEAU
DeepPCB,Frozen Backbone,deeppcb_frozen_seed824_e100,95,1.08956,1.03095,0.97075,3.09126,1.2829,1.29729,1.0229,3.60309,0.79785,0.75258,0.82158,0.4782,2.0644582e-05,0.482846,0.47309,0.009755999999999987,63,0.48668,0.47864,CONVERGED_OR_PLATEAU
DeepPCB,Frozen Backbone,deeppcb_frozen_seed824_e100,96,1.12467,1.05059,0.96168,3.1369399999999996,1.27778,1.29499,1.02233,3.5951000000000004,0.79836,0.75466,0.82137,0.48265,1.7703708e-05,0.482846,0.47309,0.009755999999999987,63,0.48668,0.47864,CONVERGED_OR_PLATEAU
DeepPCB,Frozen Backbone,deeppcb_frozen_seed824_e100,97,1.11741,1.02654,0.9479,3.09185,1.27231,1.28999,1.02056,3.58286,0.81203,0.74138,0.82246,0.48567,1.5293522e-05,0.482846,0.47309,0.009755999999999987,63,0.48668,0.47864,CONVERGED_OR_PLATEAU
DeepPCB,Frozen Backbone,deeppcb_frozen_seed824_e100,98,1.07556,1.00941,0.95621,3.04118,1.27255,1.2909,1.02003,3.5834799999999998,0.8144,0.74162,0.82212,0.484,1.3416502e-05,0.482846,0.47309,0.009755999999999987,63,0.48668,0.47864,CONVERGED_OR_PLATEAU
DeepPCB,Frozen Backbone,deeppcb_frozen_seed824_e100,99,1.08852,1.00948,0.95479,3.05279,1.27636,1.28912,1.02045,3.5859300000000003,0.80842,0.74779,0.82251,0.48327,1.2074455999999999e-05,0.482846,0.47309,0.009755999999999987,63,0.48668,0.47864,CONVERGED_OR_PLATEAU
DeepPCB,Frozen Backbone,deeppcb_frozen_seed824_e100,100,1.09249,1.02048,0.96073,3.0736999999999997,1.28661,1.29367,1.02299,3.60327,0.81327,0.74443,0.82215,0.47864,1.1268705999999999e-05,0.482846,0.47309,0.009755999999999987,63,0.48668,0.47864,CONVERGED_OR_PLATEAU
DeepPCB,V-PEFT,deeppcb_vpeft_seed824_e100,1,3.7701,4.94806,2.25687,10.97503,3.4903,5.04925,2.30046,10.84001,0.00018,0.00802,1e-05,0.0,0.00010800000000000001,0.39132,0.40417,-0.012849999999999973,70,0.51776,0.37931,CONVERGED_OR_PLATEAU
DeepPCB,V-PEFT,deeppcb_vpeft_seed824_e100,2,3.20588,4.83205,1.95348,9.99141,2.82672,4.8631,1.91034,9.60016,0.00026,0.00976,1e-05,0.0,0.00022494500000000002,0.39132,0.40417,-0.012849999999999973,70,0.51776,0.37931,CONVERGED_OR_PLATEAU
DeepPCB,V-PEFT,deeppcb_vpeft_seed824_e100,3,2.5927,4.5809,1.67723,8.85083,2.21952,4.67002,1.53028,8.41982,0.00078,0.02501,5e-05,2e-05,0.000341666,0.39132,0.40417,-0.012849999999999973,70,0.51776,0.37931,CONVERGED_OR_PLATEAU
DeepPCB,V-PEFT,deeppcb_vpeft_seed824_e100,4,2.2559,4.35836,1.47986,8.09412,1.73488,4.54848,1.27593,7.55929,0.00167,0.04766,0.00067,0.00019,0.00045799199999999995,0.39132,0.40417,-0.012849999999999973,70,0.51776,0.37931,CONVERGED_OR_PLATEAU
DeepPCB,V-PEFT,deeppcb_vpeft_seed824_e100,5,2.23792,4.05799,1.4273,7.72321,1.72542,4.43954,1.27228,7.43724,0.00127,0.04928,0.0012,0.0003,0.0005737518333333333,0.39132,0.40417,-0.012849999999999973,70,0.51776,0.37931,CONVERGED_OR_PLATEAU
DeepPCB,V-PEFT,deeppcb_vpeft_seed824_e100,6,2.13486,3.79453,1.37729,7.30668,1.76813,4.16548,1.23286,7.16647,0.00805,0.26562,0.03351,0.0149,0.0006887765000000001,0.39132,0.40417,-0.012849999999999973,70,0.51776,0.37931,CONVERGED_OR_PLATEAU
DeepPCB,V-PEFT,deeppcb_vpeft_seed824_e100,7,1.96954,3.55274,1.27301,6.7952900000000005,1.70623,3.85768,1.17276,6.73667,0.01512,0.56927,0.09873,0.04829,0.0008028979999999999,0.39132,0.40417,-0.012849999999999973,70,0.51776,0.37931,CONVERGED_OR_PLATEAU
DeepPCB,V-PEFT,deeppcb_vpeft_seed824_e100,8,2.01522,3.36482,1.27458,6.6546199999999995,1.63974,3.44542,1.16932,6.25448,0.46533,0.21884,0.12091,0.06271,0.000889271,0.39132,0.40417,-0.012849999999999973,70,0.51776,0.37931,CONVERGED_OR_PLATEAU
DeepPCB,V-PEFT,deeppcb_vpeft_seed824_e100,9,1.90291,3.04715,1.26471,6.21477,1.67796,3.18052,1.20021,6.05869,0.13736,0.30714,0.12372,0.05308,0.0008860040000000001,0.39132,0.40417,-0.012849999999999973,70,0.51776,0.37931,CONVERGED_OR_PLATEAU
DeepPCB,V-PEFT,deeppcb_vpeft_seed824_e100,10,1.92079,2.95238,1.25422,6.12739,1.63085,3.13701,1.18493,5.95279,0.13607,0.3504,0.13443,0.05908,0.0008823106666666667,0.39132,0.40417,-0.012849999999999973,70,0.51776,0.37931,CONVERGED_OR_PLATEAU
DeepPCB,V-PEFT,deeppcb_vpeft_seed824_e100,11,1.8326,2.87455,1.21669,5.92384,1.5648,3.01091,1.21341,5.7891200000000005,0.20986,0.43761,0.20987,0.09428,0.0008781956666666667,0.39132,0.40417,-0.012849999999999973,70,0.51776,0.37931,CONVERGED_OR_PLATEAU
DeepPCB,V-PEFT,deeppcb_vpeft_seed824_e100,12,1.81544,2.7075,1.22065,5.74359,1.51855,2.76397,1.18525,5.46777,0.23118,0.41139,0.25659,0.11877,0.0008736623333333334,0.39132,0.40417,-0.012849999999999973,70,0.51776,0.37931,CONVERGED_OR_PLATEAU
DeepPCB,V-PEFT,deeppcb_vpeft_seed824_e100,13,1.71398,2.65224,1.19087,5.5570900000000005,1.56568,2.76806,1.17502,5.5087600000000005,0.23273,0.34178,0.22901,0.10017,0.0008687151666666666,0.39132,0.40417,-0.012849999999999973,70,0.51776,0.37931,CONVERGED_OR_PLATEAU
DeepPCB,V-PEFT,deeppcb_vpeft_seed824_e100,14,1.75247,2.62169,1.18124,5.5554,1.64718,2.76682,1.19674,5.61074,0.26154,0.32773,0.24076,0.09913,0.00086336,0.39132,0.40417,-0.012849999999999973,70,0.51776,0.37931,CONVERGED_OR_PLATEAU
DeepPCB,V-PEFT,deeppcb_vpeft_seed824_e100,15,1.70383,2.52474,1.19148,5.42005,1.61223,2.66829,1.18242,5.46294,0.28792,0.35287,0.27779,0.13152,0.0008576001666666666,0.39132,0.40417,-0.012849999999999973,70,0.51776,0.37931,CONVERGED_OR_PLATEAU
DeepPCB,V-PEFT,deeppcb_vpeft_seed824_e100,16,1.72351,2.41692,1.1438,5.28423,1.74536,2.84284,1.21986,5.808059999999999,0.2365,0.36439,0.21608,0.07764,0.0008514431666666666,0.39132,0.40417,-0.012849999999999973,70,0.51776,0.37931,CONVERGED_OR_PLATEAU
DeepPCB,V-PEFT,deeppcb_vpeft_seed824_e100,17,1.63772,2.42467,1.14867,5.21106,1.52209,2.57487,1.146,5.24296,0.3051,0.39352,0.31076,0.14449,0.0008448948333333334,0.39132,0.40417,-0.012849999999999973,70,0.51776,0.37931,CONVERGED_OR_PLATEAU
DeepPCB,V-PEFT,deeppcb_vpeft_seed824_e100,18,1.59031,2.33434,1.11418,5.03883,1.44083,2.39615,1.13025,4.96723,0.26778,0.51427,0.3281,0.17788,0.0008379605000000001,0.39132,0.40417,-0.012849999999999973,70,0.51776,0.37931,CONVERGED_OR_PLATEAU
DeepPCB,V-PEFT,deeppcb_vpeft_seed824_e100,19,1.66684,2.27165,1.12145,5.05994,1.437,2.34742,1.1184,4.90282,0.2977,0.48656,0.35763,0.18917,0.0008306478333333332,0.39132,0.40417,-0.012849999999999973,70,0.51776,0.37931,CONVERGED_OR_PLATEAU
DeepPCB,V-PEFT,deeppcb_vpeft_seed824_e100,20,1.59782,2.30651,1.10984,5.01417,1.43057,2.26768,1.10262,4.80087,0.34332,0.46463,0.38006,0.20148,0.0008229643333333333,0.39132,0.40417,-0.012849999999999973,70,0.51776,0.37931,CONVERGED_OR_PLATEAU
DeepPCB,V-PEFT,deeppcb_vpeft_seed824_e100,21,1.55564,2.23469,1.09219,4.8825199999999995,1.45802,2.23062,1.11949,4.80813,0.37125,0.4506,0.37883,0.20403,0.0008149168333333334,0.39132,0.40417,-0.012849999999999973,70,0.51776,0.37931,CONVERGED_OR_PLATEAU
DeepPCB,V-PEFT,deeppcb_vpeft_seed824_e100,22,1.5126,2.16252,1.07943,4.75455,1.54126,2.24093,1.16138,4.94357,0.34753,0.48555,0.35811,0.18337,0.0008065141666666666,0.39132,0.40417,-0.012849999999999973,70,0.51776,0.37931,CONVERGED_OR_PLATEAU
DeepPCB,V-PEFT,deeppcb_vpeft_seed824_e100,23,1.63376,2.15188,1.11722,4.90286,1.44807,2.16701,1.10177,4.71685,0.38216,0.50545,0.3959,0.20276,0.0007977636666666667,0.39132,0.40417,-0.012849999999999973,70,0.51776,0.37931,CONVERGED_OR_PLATEAU
DeepPCB,V-PEFT,deeppcb_vpeft_seed824_e100,24,1.54723,2.11885,1.11642,4.7825,1.44337,2.12351,1.10326,4.67014,0.41997,0.48509,0.43639,0.22905,0.0007886743333333333,0.39132,0.40417,-0.012849999999999973,70,0.51776,0.37931,CONVERGED_OR_PLATEAU
DeepPCB,V-PEFT,deeppcb_vpeft_seed824_e100,25,1.54397,1.98947,1.08972,4.62316,1.46434,2.10981,1.10659,4.68074,0.43345,0.49263,0.46277,0.23181,0.0007792553333333332,0.39132,0.40417,-0.012849999999999973,70,0.51776,0.37931,CONVERGED_OR_PLATEAU
DeepPCB,V-PEFT,deeppcb_vpeft_seed824_e100,26,1.51226,1.9747,1.07962,4.56658,1.36853,2.00654,1.08174,4.45681,0.4854,0.51133,0.50274,0.27295,0.0007695161666666667,0.39132,0.40417,-0.012849999999999973,70,0.51776,0.37931,CONVERGED_OR_PLATEAU
DeepPCB,V-PEFT,deeppcb_vpeft_seed824_e100,27,1.50366,1.97801,1.10177,4.58344,1.36316,1.96326,1.08869,4.415109999999999,0.491,0.55886,0.53132,0.29837,0.0007594658333333333,0.39132,0.40417,-0.012849999999999973,70,0.51776,0.37931,CONVERGED_OR_PLATEAU
DeepPCB,V-PEFT,deeppcb_vpeft_seed824_e100,28,1.48045,1.95387,1.10011,4.53443,1.41981,1.96837,1.10409,4.49227,0.50542,0.55386,0.54254,0.2994,0.0007491141666666666,0.39132,0.40417,-0.012849999999999973,70,0.51776,0.37931,CONVERGED_OR_PLATEAU
DeepPCB,V-PEFT,deeppcb_vpeft_seed824_e100,29,1.5008,1.96421,1.08832,4.55333,1.59501,2.07982,1.14782,4.82265,0.49062,0.56219,0.53172,0.23333,0.0007384723333333333,0.39132,0.40417,-0.012849999999999973,70,0.51776,0.37931,CONVERGED_OR_PLATEAU
DeepPCB,V-PEFT,deeppcb_vpeft_seed824_e100,30,1.45714,1.89098,1.07602,4.42414,1.53907,2.01484,1.13091,4.68482,0.50097,0.57205,0.53769,0.25899,0.00072755,0.39132,0.40417,-0.012849999999999973,70,0.51776,0.37931,CONVERGED_OR_PLATEAU
DeepPCB,V-PEFT,deeppcb_vpeft_seed824_e100,31,1.46522,1.87782,1.08162,4.42466,1.52535,1.95451,1.12894,4.6088000000000005,0.51895,0.56309,0.53777,0.27484,0.0007163585,0.39132,0.40417,-0.012849999999999973,70,0.51776,0.37931,CONVERGED_OR_PLATEAU
DeepPCB,V-PEFT,deeppcb_vpeft_seed824_e100,32,1.44961,1.82116,1.06706,4.337829999999999,2.0099,2.42789,1.26557,5.70336,0.41675,0.40803,0.35655,0.11107,0.0007049080000000001,0.39132,0.40417,-0.012849999999999973,70,0.51776,0.37931,CONVERGED_OR_PLATEAU
DeepPCB,V-PEFT,deeppcb_vpeft_seed824_e100,33,1.45268,1.86812,1.05739,4.37819,2.20205,2.60486,1.30835,6.11526,0.31451,0.32109,0.25099,0.06444,0.0006932106666666667,0.39132,0.40417,-0.012849999999999973,70,0.51776,0.37931,CONVERGED_OR_PLATEAU
DeepPCB,V-PEFT,deeppcb_vpeft_seed824_e100,34,1.45317,1.82741,1.05457,4.3351500000000005,1.54348,1.92752,1.11989,4.59089,0.50977,0.58823,0.565,0.27001,0.0006812783333333333,0.39132,0.40417,-0.012849999999999973,70,0.51776,0.37931,CONVERGED_OR_PLATEAU
DeepPCB,V-PEFT,deeppcb_vpeft_seed824_e100,35,1.54411,1.82711,1.07624,4.44746,1.37905,1.79041,1.07971,4.2491699999999994,0.56157,0.59049,0.61761,0.34422,0.0006691211666666666,0.39132,0.40417,-0.012849999999999973,70,0.51776,0.37931,CONVERGED_OR_PLATEAU
DeepPCB,V-PEFT,deeppcb_vpeft_seed824_e100,36,1.46237,1.77135,1.07054,4.30426,1.59504,1.89366,1.14899,4.637689999999999,0.5679,0.57572,0.60098,0.27432,0.0006567526666666667,0.39132,0.40417,-0.012849999999999973,70,0.51776,0.37931,CONVERGED_OR_PLATEAU
DeepPCB,V-PEFT,deeppcb_vpeft_seed824_e100,37,1.45352,1.7214,1.05497,4.22989,1.31307,1.69297,1.06473,4.0707699999999996,0.63061,0.59551,0.65405,0.38575,0.0006441848333333333,0.39132,0.40417,-0.012849999999999973,70,0.51776,0.37931,CONVERGED_OR_PLATEAU
DeepPCB,V-PEFT,deeppcb_vpeft_seed824_e100,38,1.44713,1.73582,1.07949,4.26244,1.27946,1.64896,1.06027,3.98869,0.63923,0.62948,0.67295,0.41933,0.0006314291666666667,0.39132,0.40417,-0.012849999999999973,70,0.51776,0.37931,CONVERGED_OR_PLATEAU
DeepPCB,V-PEFT,deeppcb_vpeft_seed824_e100,39,1.60686,1.76033,1.09544,4.46263,1.2749,1.64186,1.04677,3.96353,0.64586,0.62823,0.67394,0.40795,0.0006184996666666666,0.39132,0.40417,-0.012849999999999973,70,0.51776,0.37931,CONVERGED_OR_PLATEAU
DeepPCB,V-PEFT,deeppcb_vpeft_seed824_e100,40,1.40402,1.6694,1.06265,4.13607,1.5817,1.80997,1.12166,4.513330000000001,0.61579,0.59372,0.63576,0.29279,0.0006054076666666666,0.39132,0.40417,-0.012849999999999973,70,0.51776,0.37931,CONVERGED_OR_PLATEAU
DeepPCB,V-PEFT,deeppcb_vpeft_seed824_e100,41,1.41965,1.70636,1.03532,4.1613299999999995,1.35261,1.63963,1.0601,4.05234,0.64145,0.63044,0.67913,0.39089,0.0005921668333333333,0.39132,0.40417,-0.012849999999999973,70,0.51776,0.37931,CONVERGED_OR_PLATEAU
DeepPCB,V-PEFT,deeppcb_vpeft_seed824_e100,42,1.42537,1.65214,1.04811,4.1256200000000005,1.23722,1.57572,1.0331,3.8460400000000003,0.66704,0.63276,0.68803,0.43431,0.0005787908333333334,0.39132,0.40417,-0.012849999999999973,70,0.51776,0.37931,CONVERGED_OR_PLATEAU
DeepPCB,V-PEFT,deeppcb_vpeft_seed824_e100,43,1.41417,1.66356,1.07743,4.15516,1.30314,1.60211,1.05039,3.95564,0.65952,0.62913,0.68661,0.4122,0.000565291,0.39132,0.40417,-0.012849999999999973,70,0.51776,0.37931,CONVERGED_OR_PLATEAU
DeepPCB,V-PEFT,deeppcb_vpeft_seed824_e100,44,1.39767,1.65784,1.06275,4.11826,1.44487,1.69883,1.085,4.2287,0.62494,0.61112,0.66199,0.34774,0.0005516828333333333,0.39132,0.40417,-0.012849999999999973,70,0.51776,0.37931,CONVERGED_OR_PLATEAU
DeepPCB,V-PEFT,deeppcb_vpeft_seed824_e100,45,1.41696,1.60674,1.04261,4.06631,1.43751,1.68299,1.08191,4.2024099999999995,0.60747,0.6417,0.67197,0.34809,0.0005379785,0.39132,0.40417,-0.012849999999999973,70,0.51776,0.37931,CONVERGED_OR_PLATEAU
DeepPCB,V-PEFT,deeppcb_vpeft_seed824_e100,46,1.34472,1.60767,1.02108,3.97347,1.37657,1.61779,1.06717,4.06153,0.62291,0.6525,0.69384,0.38038,0.0005241916666666667,0.39132,0.40417,-0.012849999999999973,70,0.51776,0.37931,CONVERGED_OR_PLATEAU
DeepPCB,V-PEFT,deeppcb_vpeft_seed824_e100,47,1.37441,1.64596,1.04479,4.06516,1.25601,1.53584,1.03868,3.8305300000000004,0.60578,0.6773,0.70483,0.43282,0.000510336,0.39132,0.40417,-0.012849999999999973,70,0.51776,0.37931,CONVERGED_OR_PLATEAU
DeepPCB,V-PEFT,deeppcb_vpeft_seed824_e100,48,1.33533,1.57355,1.02925,3.93813,1.3243,1.54734,1.05468,3.9263200000000005,0.63813,0.68128,0.71364,0.41611,0.0004964255,0.39132,0.40417,-0.012849999999999973,70,0.51776,0.37931,CONVERGED_OR_PLATEAU
DeepPCB,V-PEFT,deeppcb_vpeft_seed824_e100,49,1.25811,1.57853,1.00022,3.83686,1.32588,1.51849,1.05509,3.8994599999999995,0.68431,0.65829,0.72382,0.41986,0.000482473,0.39132,0.40417,-0.012849999999999973,70,0.51776,0.37931,CONVERGED_OR_PLATEAU
DeepPCB,V-PEFT,deeppcb_vpeft_seed824_e100,50,1.301,1.48651,1.03191,3.81942,1.35527,1.51372,1.0599,3.92889,0.68357,0.67023,0.72539,0.41608,0.0004684931666666667,0.39132,0.40417,-0.012849999999999973,70,0.51776,0.37931,CONVERGED_OR_PLATEAU
DeepPCB,V-PEFT,deeppcb_vpeft_seed824_e100,51,1.31647,1.50592,1.02708,3.84947,1.24393,1.47059,1.03168,3.7462,0.68093,0.66856,0.72994,0.45766,0.00045450000000000004,0.39132,0.40417,-0.012849999999999973,70,0.51776,0.37931,CONVERGED_OR_PLATEAU
DeepPCB,V-PEFT,deeppcb_vpeft_seed824_e100,52,1.36255,1.52873,1.04449,3.9357699999999998,1.28304,1.50971,1.04182,3.83457,0.70499,0.64481,0.72216,0.43829,0.00044050683333333334,0.39132,0.40417,-0.012849999999999973,70,0.51776,0.37931,CONVERGED_OR_PLATEAU
DeepPCB,V-PEFT,deeppcb_vpeft_seed824_e100,53,1.35565,1.51439,1.0471,3.91714,1.45863,1.60562,1.08606,4.15031,0.65012,0.67203,0.71058,0.36999,0.00042652699999999995,0.39132,0.40417,-0.012849999999999973,70,0.51776,0.37931,CONVERGED_OR_PLATEAU
DeepPCB,V-PEFT,deeppcb_vpeft_seed824_e100,54,1.32083,1.5083,1.01532,3.84445,1.42135,1.56125,1.0813,4.063899999999999,0.67726,0.67035,0.71672,0.38886,0.0004125745,0.39132,0.40417,-0.012849999999999973,70,0.51776,0.37931,CONVERGED_OR_PLATEAU
DeepPCB,V-PEFT,deeppcb_vpeft_seed824_e100,55,1.33371,1.57204,1.03229,3.93804,1.37267,1.5113,1.07512,3.95909,0.69736,0.67862,0.73108,0.4147,0.000398664,0.39132,0.40417,-0.012849999999999973,70,0.51776,0.37931,CONVERGED_OR_PLATEAU
DeepPCB,V-PEFT,deeppcb_vpeft_seed824_e100,56,1.3175,1.51238,1.04289,3.87277,1.35839,1.48352,1.07415,3.91606,0.70627,0.68229,0.74125,0.42741,0.0003848083333333333,0.39132,0.40417,-0.012849999999999973,70,0.51776,0.37931,CONVERGED_OR_PLATEAU
DeepPCB,V-PEFT,deeppcb_vpeft_seed824_e100,57,1.4063,1.54823,1.05309,4.00762,1.22928,1.40562,1.03764,3.6725399999999997,0.73981,0.69472,0.76265,0.48199,0.0003710215,0.39132,0.40417,-0.012849999999999973,70,0.51776,0.37931,CONVERGED_OR_PLATEAU
DeepPCB,V-PEFT,deeppcb_vpeft_seed824_e100,58,1.35955,1.45217,1.01504,3.82676,1.2038,1.38232,1.02741,3.61353,0.74324,0.70216,0.76815,0.49087,0.00035731716666666664,0.39132,0.40417,-0.012849999999999973,70,0.51776,0.37931,CONVERGED_OR_PLATEAU
DeepPCB,V-PEFT,deeppcb_vpeft_seed824_e100,59,1.39411,1.47047,1.02957,3.8941500000000002,1.32711,1.44175,1.05439,3.82325,0.73751,0.69552,0.75732,0.43562,0.000343709,0.39132,0.40417,-0.012849999999999973,70,0.51776,0.37931,CONVERGED_OR_PLATEAU
DeepPCB,V-PEFT,deeppcb_vpeft_seed824_e100,60,1.39481,1.51292,1.03936,3.94709,1.45032,1.49889,1.08327,4.03248,0.71772,0.69582,0.74864,0.39137,0.00033020916666666667,0.39132,0.40417,-0.012849999999999973,70,0.51776,0.37931,CONVERGED_OR_PLATEAU
DeepPCB,V-PEFT,deeppcb_vpeft_seed824_e100,61,1.33831,1.51753,1.03814,3.89398,1.24321,1.4019,1.03355,3.67866,0.73637,0.70748,0.76333,0.47537,0.00031683316666666667,0.39132,0.40417,-0.012849999999999973,70,0.51776,0.37931,CONVERGED_OR_PLATEAU
DeepPCB,V-PEFT,deeppcb_vpeft_seed824_e100,62,1.34726,1.47041,1.03013,3.8477999999999994,1.193,1.36149,1.02395,3.5784400000000005,0.74984,0.69517,0.76444,0.49601,0.0003035923333333333,0.39132,0.40417,-0.012849999999999973,70,0.51776,0.37931,CONVERGED_OR_PLATEAU
DeepPCB,V-PEFT,deeppcb_vpeft_seed824_e100,63,1.4343,1.46503,1.04024,3.93957,1.19875,1.36904,1.02436,3.59215,0.75971,0.68986,0.76533,0.49675,0.00029050033333333333,0.39132,0.40417,-0.012849999999999973,70,0.51776,0.37931,CONVERGED_OR_PLATEAU
DeepPCB,V-PEFT,deeppcb_vpeft_seed824_e100,64,1.38386,1.44669,1.02158,3.85213,1.38696,1.45324,1.06725,3.9074500000000003,0.74989,0.68447,0.75886,0.42768,0.0002775708333333333,0.39132,0.40417,-0.012849999999999973,70,0.51776,0.37931,CONVERGED_OR_PLATEAU
DeepPCB,V-PEFT,deeppcb_vpeft_seed824_e100,65,1.26527,1.43337,0.99733,3.69597,1.70939,1.62429,1.15666,4.49034,0.73866,0.64194,0.71613,0.31014,0.0002648151666666667,0.39132,0.40417,-0.012849999999999973,70,0.51776,0.37931,CONVERGED_OR_PLATEAU
DeepPCB,V-PEFT,deeppcb_vpeft_seed824_e100,66,1.37169,1.45317,1.03672,3.86158,1.63767,1.57854,1.13382,4.35003,0.70491,0.68085,0.73435,0.33355,0.00025224733333333336,0.39132,0.40417,-0.012849999999999973,70,0.51776,0.37931,CONVERGED_OR_PLATEAU
DeepPCB,V-PEFT,deeppcb_vpeft_seed824_e100,67,1.3675,1.47302,1.02729,3.8678099999999995,1.3443,1.43299,1.05333,3.8306199999999997,0.74758,0.68694,0.77178,0.43736,0.00023987883333333334,0.39132,0.40417,-0.012849999999999973,70,0.51776,0.37931,CONVERGED_OR_PLATEAU
DeepPCB,V-PEFT,deeppcb_vpeft_seed824_e100,68,1.30843,1.44706,1.0153,3.77079,1.19895,1.34738,1.02236,3.56869,0.73009,0.71955,0.78645,0.50363,0.00022772166666666668,0.39132,0.40417,-0.012849999999999973,70,0.51776,0.37931,CONVERGED_OR_PLATEAU
DeepPCB,V-PEFT,deeppcb_vpeft_seed824_e100,69,1.34701,1.44147,1.02751,3.8159899999999998,1.19391,1.33352,1.02153,3.54896,0.72954,0.71965,0.78921,0.50878,0.00021578933333333335,0.39132,0.40417,-0.012849999999999973,70,0.51776,0.37931,CONVERGED_OR_PLATEAU
DeepPCB,V-PEFT,deeppcb_vpeft_seed824_e100,70,1.4925,1.49535,1.041,4.02885,1.17631,1.32271,1.01575,3.5147699999999995,0.73372,0.72171,0.79421,0.51776,0.000204092,0.39132,0.40417,-0.012849999999999973,70,0.51776,0.37931,CONVERGED_OR_PLATEAU
DeepPCB,V-PEFT,deeppcb_vpeft_seed824_e100,71,1.39579,1.45632,1.0306,3.8827100000000003,1.38865,1.40318,1.06778,3.85961,0.75372,0.70938,0.78402,0.44265,0.0001926415,0.39132,0.40417,-0.012849999999999973,70,0.51776,0.37931,CONVERGED_OR_PLATEAU
DeepPCB,V-PEFT,deeppcb_vpeft_seed824_e100,72,1.27317,1.40097,1.01329,3.68743,1.63819,1.50539,1.13689,4.28047,0.74737,0.69854,0.7607,0.35884,0.00018145,0.39132,0.40417,-0.012849999999999973,70,0.51776,0.37931,CONVERGED_OR_PLATEAU
DeepPCB,V-PEFT,deeppcb_vpeft_seed824_e100,73,1.28859,1.41884,0.98942,3.69685,1.61662,1.48612,1.12743,4.230169999999999,0.74202,0.705,0.76523,0.36874,0.00017052760000000003,0.39132,0.40417,-0.012849999999999973,70,0.51776,0.37931,CONVERGED_OR_PLATEAU
DeepPCB,V-PEFT,deeppcb_vpeft_seed824_e100,74,1.26247,1.40971,1.01081,3.68299,1.4515,1.41527,1.07919,3.94596,0.77483,0.70304,0.78329,0.42343,0.00015988588333333334,0.39132,0.40417,-0.012849999999999973,70,0.51776,0.37931,CONVERGED_OR_PLATEAU
DeepPCB,V-PEFT,deeppcb_vpeft_seed824_e100,75,1.29478,1.41081,1.01652,3.72211,1.31494,1.36167,1.04575,3.72236,0.76861,0.70634,0.79235,0.47421,0.0001495341,0.39132,0.40417,-0.012849999999999973,70,0.51776,0.37931,CONVERGED_OR_PLATEAU
DeepPCB,V-PEFT,deeppcb_vpeft_seed824_e100,76,1.28659,1.42574,1.03512,3.7474499999999997,1.26167,1.33882,1.03291,3.6334,0.77035,0.71755,0.79954,0.49399,0.00013948385,0.39132,0.40417,-0.012849999999999973,70,0.51776,0.37931,CONVERGED_OR_PLATEAU
DeepPCB,V-PEFT,deeppcb_vpeft_seed824_e100,77,1.32849,1.39177,1.01588,3.73614,1.27338,1.3392,1.03497,3.64755,0.75323,0.72725,0.79913,0.49019,0.00012974471666666665,0.39132,0.40417,-0.012849999999999973,70,0.51776,0.37931,CONVERGED_OR_PLATEAU
DeepPCB,V-PEFT,deeppcb_vpeft_seed824_e100,78,1.3315,1.4056,1.00731,3.74441,1.36615,1.36921,1.05587,3.79123,0.74797,0.72331,0.79344,0.45346,0.00012032558333333332,0.39132,0.40417,-0.012849999999999973,70,0.51776,0.37931,CONVERGED_OR_PLATEAU
DeepPCB,V-PEFT,deeppcb_vpeft_seed824_e100,79,1.32483,1.42962,1.01258,3.76703,1.45162,1.40884,1.07796,3.93842,0.73035,0.72872,0.7878,0.42052,0.00011123633333333332,0.39132,0.40417,-0.012849999999999973,70,0.51776,0.37931,CONVERGED_OR_PLATEAU
DeepPCB,V-PEFT,deeppcb_vpeft_seed824_e100,80,1.33915,1.38846,1.01066,3.73827,1.47539,1.42064,1.08464,3.98067,0.72872,0.7247,0.78683,0.40945,0.00010248576666666667,0.39132,0.40417,-0.012849999999999973,70,0.51776,0.37931,CONVERGED_OR_PLATEAU
DeepPCB,V-PEFT,deeppcb_vpeft_seed824_e100,81,1.32943,1.40985,1.01791,3.75719,1.45488,1.41082,1.07922,3.9449199999999998,0.73379,0.73434,0.79345,0.42038,9.408320000000001e-05,0.39132,0.40417,-0.012849999999999973,70,0.51776,0.37931,CONVERGED_OR_PLATEAU
DeepPCB,V-PEFT,deeppcb_vpeft_seed824_e100,82,1.30289,1.36384,1.00341,3.67014,1.33878,1.34724,1.04941,3.73543,0.74564,0.73647,0.8008,0.46356,8.603560000000001e-05,0.39132,0.40417,-0.012849999999999973,70,0.51776,0.37931,CONVERGED_OR_PLATEAU
DeepPCB,V-PEFT,deeppcb_vpeft_seed824_e100,83,1.2592,1.40238,1.01138,3.67296,1.28545,1.32833,1.03783,3.6516100000000002,0.73271,0.74106,0.80298,0.48264,7.835191666666667e-05,0.39132,0.40417,-0.012849999999999973,70,0.51776,0.37931,CONVERGED_OR_PLATEAU
DeepPCB,V-PEFT,deeppcb_vpeft_seed824_e100,84,1.33541,1.4014,1.01299,3.7498000000000005,1.25388,1.31392,1.03098,3.59878,0.74777,0.73095,0.80263,0.49408,7.103941666666667e-05,0.39132,0.40417,-0.012849999999999973,70,0.51776,0.37931,CONVERGED_OR_PLATEAU
DeepPCB,V-PEFT,deeppcb_vpeft_seed824_e100,85,1.29199,1.38247,1.01168,3.68614,1.2913,1.32627,1.04019,3.6577599999999997,0.76422,0.7169,0.79925,0.48164,6.410538333333333e-05,0.39132,0.40417,-0.012849999999999973,70,0.51776,0.37931,CONVERGED_OR_PLATEAU
DeepPCB,V-PEFT,deeppcb_vpeft_seed824_e100,86,1.28438,1.3386,0.99663,3.61961,1.34149,1.34008,1.05318,3.73475,0.77292,0.71861,0.79864,0.46514,5.755661666666666e-05,0.39132,0.40417,-0.012849999999999973,70,0.51776,0.37931,CONVERGED_OR_PLATEAU
DeepPCB,V-PEFT,deeppcb_vpeft_seed824_e100,87,1.31435,1.40691,1.02483,3.7460899999999997,1.39908,1.3591,1.06754,3.8257200000000005,0.76423,0.72385,0.79771,0.44565,5.139953333333334e-05,0.39132,0.40417,-0.012849999999999973,70,0.51776,0.37931,CONVERGED_OR_PLATEAU
DeepPCB,V-PEFT,deeppcb_vpeft_seed824_e100,88,1.23777,1.37056,1.00014,3.60847,1.47601,1.395,1.08846,3.95947,0.76964,0.71717,0.79238,0.41665,4.564033333333333e-05,0.39132,0.40417,-0.012849999999999973,70,0.51776,0.37931,CONVERGED_OR_PLATEAU
DeepPCB,V-PEFT,deeppcb_vpeft_seed824_e100,89,1.32312,1.47495,1.04485,3.8429200000000003,1.51361,1.42145,1.09856,4.03362,0.76927,0.71223,0.78593,0.40364,4.028455e-05,0.39132,0.40417,-0.012849999999999973,70,0.51776,0.37931,CONVERGED_OR_PLATEAU
DeepPCB,V-PEFT,deeppcb_vpeft_seed824_e100,90,1.26725,1.31861,1.02074,3.6066000000000003,1.50183,1.42406,1.09507,4.02096,0.76693,0.70554,0.78184,0.40619,3.53376e-05,0.39132,0.40417,-0.012849999999999973,70,0.51776,0.37931,CONVERGED_OR_PLATEAU
DeepPCB,V-PEFT,deeppcb_vpeft_seed824_e100,91,1.21731,1.3156,1.0264,3.55931,1.50553,1.45462,1.09589,4.05604,0.76155,0.68971,0.77446,0.40165,3.08043e-05,0.39132,0.40417,-0.012849999999999973,70,0.51776,0.37931,CONVERGED_OR_PLATEAU
DeepPCB,V-PEFT,deeppcb_vpeft_seed824_e100,92,1.22943,1.34747,1.02106,3.5979600000000005,1.49616,1.472,1.09356,4.06172,0.7438,0.69834,0.76928,0.40242,2.668915e-05,0.39132,0.40417,-0.012849999999999973,70,0.51776,0.37931,CONVERGED_OR_PLATEAU
DeepPCB,V-PEFT,deeppcb_vpeft_seed824_e100,93,1.17142,1.31093,1.00812,3.4904699999999997,1.48328,1.48043,1.0902,4.05391,0.74494,0.69547,0.76623,0.40554,2.2996183333333332e-05,0.39132,0.40417,-0.012849999999999973,70,0.51776,0.37931,CONVERGED_OR_PLATEAU
DeepPCB,V-PEFT,deeppcb_vpeft_seed824_e100,94,1.32345,1.36651,1.05176,3.74172,1.4506,1.47357,1.08162,4.00579,0.7522,0.68961,0.76607,0.41583,1.9729083333333334e-05,0.39132,0.40417,-0.012849999999999973,70,0.51776,0.37931,CONVERGED_OR_PLATEAU
DeepPCB,V-PEFT,deeppcb_vpeft_seed824_e100,95,1.21011,1.32735,1.03832,3.57578,1.50949,1.5108,1.09808,4.1183700000000005,0.74398,0.68945,0.75659,0.39541,1.6891018333333334e-05,0.39132,0.40417,-0.012849999999999973,70,0.51776,0.37931,CONVERGED_OR_PLATEAU
DeepPCB,V-PEFT,deeppcb_vpeft_seed824_e100,96,1.25129,1.34133,1.03044,3.62306,1.5175,1.52284,1.10069,4.14103,0.73853,0.68878,0.75266,0.39088,1.4484856666666667e-05,0.39132,0.40417,-0.012849999999999973,70,0.51776,0.37931,CONVERGED_OR_PLATEAU
DeepPCB,V-PEFT,deeppcb_vpeft_seed824_e100,97,1.28083,1.33631,1.02252,3.63966,1.47069,1.50393,1.08753,4.06215,0.74406,0.69263,0.76012,0.40752,1.2512884999999999e-05,0.39132,0.40417,-0.012849999999999973,70,0.51776,0.37931,CONVERGED_OR_PLATEAU
DeepPCB,V-PEFT,deeppcb_vpeft_seed824_e100,98,1.20764,1.33175,1.01837,3.55776,1.512,1.52438,1.09865,4.13503,0.73493,0.69231,0.75331,0.39242,1.0977118333333333e-05,0.39132,0.40417,-0.012849999999999973,70,0.51776,0.37931,CONVERGED_OR_PLATEAU
DeepPCB,V-PEFT,deeppcb_vpeft_seed824_e100,99,1.23168,1.35127,1.02266,3.6056100000000004,1.53036,1.52979,1.10349,4.16364,0.73405,0.69207,0.75276,0.38647,9.879111666666666e-06,0.39132,0.40417,-0.012849999999999973,70,0.51776,0.37931,CONVERGED_OR_PLATEAU
DeepPCB,V-PEFT,deeppcb_vpeft_seed824_e100,100,1.24614,1.35031,1.03337,3.6298199999999996,1.5595,1.54089,1.11178,4.21217,0.73525,0.68794,0.75113,0.37931,9.21986e-06,0.39132,0.40417,-0.012849999999999973,70,0.51776,0.37931,CONVERGED_OR_PLATEAU
